video,split,frames
video 19,train,61
video 17,train,37
video 11,train,65
video 22,train,40
video 28,train,28
video 7,train,35
video 6,train,30
video 12,train,64
video 15,train,60
video 10,train,24
video 25,train,33
video 13,train,77
video 20,train,51
video 16,train,42
video 26,train,31
video 2,train,43
video 14,train,75
video 3,train,35
video 18,train,32
video 27,val,28
video 5,val,28
video 23,val,34
video 8,val,22
video 9,val,26
video 4,val,31
video 24,test,64
video 1,test,114
video 21,test,40
