video,stem,filename,sample_name,war_gt,war_pred_raw,war_pred_phys,error_raw,error_phys
video 24,ezgif-frame-001,video_24_frame_001_segformer.png,video 24 - ezgif-frame-001,0.12325115593112244,0.11717255261479592,0.11664441167091837,0.006078603316326522,0.006606744260204078
video 24,ezgif-frame-002,video_24_frame_002_segformer.png,video 24 - ezgif-frame-002,0.12076490752551021,0.1162109375,0.11562300701530612,0.0045539700255102095,0.005141900510204092
video 24,ezgif-frame-003,video_24_frame_003_segformer.png,video 24 - ezgif-frame-003,0.119384765625,0.11572265625,0.11527423469387756,0.003662109375,0.004110530931122444
video 24,ezgif-frame-004,video_24_frame_004_segformer.png,video 24 - ezgif-frame-004,0.12074497767857142,0.11572265625,0.11527423469387756,0.005022321428571425,0.005470742984693869
video 24,ezgif-frame-005,video_24_frame_005_segformer.png,video 24 - ezgif-frame-005,0.13457629145408162,0.13005221619897958,0.1286670918367347,0.004524075255102039,0.0059091996173469274
video 24,ezgif-frame-006,video_24_frame_006_segformer.png,video 24 - ezgif-frame-006,0.14995715082908162,0.14362444196428573,0.14369917889030612,0.006332708864795894,0.006257971938775503
video 24,ezgif-frame-007,video_24_frame_007_segformer.png,video 24 - ezgif-frame-007,0.16131218112244897,0.15401287468112246,0.1542918925382653,0.0072993064413265085,0.007020288584183659
video 24,ezgif-frame-008,video_24_frame_008_segformer.png,video 24 - ezgif-frame-008,0.17525809151785715,0.16542271205357142,0.16507393973214285,0.009835379464285726,0.010184151785714302
video 24,ezgif-frame-009,video_24_frame_009_segformer.png,video 24 - ezgif-frame-009,0.17756497130102042,0.16802355707908162,0.1680484693877551,0.009541414221938799,0.009516501913265307
video 24,ezgif-frame-010,video_24_frame_010_segformer.png,video 24 - ezgif-frame-010,0.18494897959183673,0.17801339285714285,0.17769451530612246,0.006935586734693883,0.007254464285714274
video 24,ezgif-frame-011,video_24_frame_011_segformer.png,video 24 - ezgif-frame-011,0.1949188855229592,0.18916414221938777,0.18921894929846939,0.005754743303571425,0.005699936224489804
video 24,ezgif-frame-012,video_24_frame_012_segformer.png,video 24 - ezgif-frame-012,0.20228296396683673,0.1927814094387755,0.19269172512755103,0.009501554528061229,0.009591238839285698
video 24,ezgif-frame-013,video_24_frame_013_segformer.png,video 24 - ezgif-frame-013,0.21189413265306123,0.19998604910714285,0.2000458386479592,0.01190808354591838,0.011848294005102039
video 24,ezgif-frame-014,video_24_frame_014_segformer.png,video 24 - ezgif-frame-014,0.21212332589285715,0.19998604910714285,0.2000458386479592,0.012137276785714302,0.012077487244897961
video 24,ezgif-frame-015,video_24_frame_015_segformer.png,video 24 - ezgif-frame-015,0.21807238520408162,0.2057258450255102,0.20536710778061223,0.012346540178571425,0.012705277423469385
video 24,ezgif-frame-016,video_24_frame_016_segformer.png,video 24 - ezgif-frame-016,0.22242207429846939,0.21208346619897958,0.2116749043367347,0.010338608099489804,0.010747169961734693
video 24,ezgif-frame-017,video_24_frame_017_segformer.png,video 24 - ezgif-frame-017,0.23001036352040816,0.22154516103316327,0.2211116868622449,0.008465202487244888,0.008898676658163268
video 24,ezgif-frame-018,video_24_frame_018_segformer.png,video 24 - ezgif-frame-018,0.23538145727040816,0.22887436224489796,0.2285754145408163,0.006507095025510196,0.0068060427295918435
video 24,ezgif-frame-019,video_24_frame_019_segformer.png,video 24 - ezgif-frame-019,0.23702068718112246,0.22887436224489796,0.2285754145408163,0.008146324936224497,0.008445272640306145
video 24,ezgif-frame-020,video_24_frame_020_segformer.png,video 24 - ezgif-frame-020,0.23888412786989796,0.23555584343112246,0.23513233418367346,0.003328284438775503,0.003751793686224497
video 24,ezgif-frame-021,video_24_frame_021_segformer.png,video 24 - ezgif-frame-021,0.24376694036989796,0.23798728475765307,0.2374591438137755,0.005779655612244888,0.006307796556122458
video 24,ezgif-frame-022,video_24_frame_022_segformer.png,video 24 - ezgif-frame-022,0.24895368303571427,0.24231704400510204,0.2418835698341837,0.006636639030612235,0.007070113201530587
video 24,ezgif-frame-023,video_24_frame_023_segformer.png,video 24 - ezgif-frame-023,0.25117586096938777,0.24574497767857142,0.2452816087372449,0.005430883290816341,0.005894252232142877
video 24,ezgif-frame-024,video_24_frame_024_segformer.png,video 24 - ezgif-frame-024,0.25109115911989793,0.24574497767857142,0.2452816087372449,0.0053461814413265085,0.005809550382653045
video 24,ezgif-frame-025,video_24_frame_025_segformer.png,video 24 - ezgif-frame-025,0.25533123405612246,0.24758350605867346,0.24738919005102042,0.007747727997448994,0.007942044005102039
video 24,ezgif-frame-026,video_24_frame_026_segformer.png,video 24 - ezgif-frame-026,0.25698541135204084,0.25046336894132654,0.25048828125,0.006522042410714302,0.006497130102040838
video 24,ezgif-frame-027,video_24_frame_027_segformer.png,video 24 - ezgif-frame-027,0.26255082110969385,0.2509167729591837,0.25088687818877553,0.011634048150510168,0.011663942920918324
video 24,ezgif-frame-028,video_24_frame_028_segformer.png,video 24 - ezgif-frame-028,0.26608836894132654,0.2559390943877551,0.2558693399234694,0.010149274553571452,0.01021902901785715
video 24,ezgif-frame-029,video_24_frame_029_segformer.png,video 24 - ezgif-frame-029,0.2686742665816326,0.2559390943877551,0.2558693399234694,0.012735172193877542,0.01280492665816324
video 24,ezgif-frame-030,video_24_frame_030_segformer.png,video 24 - ezgif-frame-030,0.2698949697066326,0.2599499760841837,0.25988022161989793,0.009944993622448939,0.010014748086734693
video 24,ezgif-frame-031,video_24_frame_031_segformer.png,video 24 - ezgif-frame-031,0.2746681680484694,0.2646484375,0.2644640864158163,0.010019730548469385,0.010204081632653073
video 24,ezgif-frame-032,video_24_frame_032_segformer.png,video 24 - ezgif-frame-032,0.27696010044642855,0.270816725127551,0.27084163743622447,0.006143375318877542,0.006118463010204078
video 24,ezgif-frame-033,video_24_frame_033_segformer.png,video 24 - ezgif-frame-033,0.2798698580994898,0.27577427455357145,0.2757543447066326,0.004095583545918324,0.004115513392857151
video 24,ezgif-frame-034,video_24_frame_034_segformer.png,video 24 - ezgif-frame-034,0.281917649872449,0.27577427455357145,0.2757543447066326,0.006143375318877542,0.0061633051658163684
video 24,ezgif-frame-035,video_24_frame_035_segformer.png,video 24 - ezgif-frame-035,0.28428431919642855,0.27894810267857145,0.2790377869897959,0.005336216517857095,0.005246532206632626
video 24,ezgif-frame-036,video_24_frame_036_segformer.png,video 24 - ezgif-frame-036,0.2930285395408163,0.27978515625,0.28004922672193877,0.013243383290816313,0.012979312818877542
video 24,ezgif-frame-037,video_24_frame_037_segformer.png,video 24 - ezgif-frame-037,0.2943638392857143,0.28406509088010207,0.28369140625,0.010298748405612235,0.010672433035714302
video 24,ezgif-frame-038,video_24_frame_038_segformer.png,video 24 - ezgif-frame-038,0.2969298070790816,0.28610291772959184,0.2858936543367347,0.010826889349489777,0.011036152742346927
video 24,ezgif-frame-039,video_24_frame_039_segformer.png,video 24 - ezgif-frame-039,0.29636180644132654,0.28610291772959184,0.2858936543367347,0.010258888711734693,0.010468152104591844
video 24,ezgif-frame-040,video_24_frame_040_segformer.png,video 24 - ezgif-frame-040,0.3035365513392857,0.2892518335459184,0.2888980787627551,0.014284717793367319,0.014638472576530615
video 24,ezgif-frame-041,video_24_frame_041_segformer.png,video 24 - ezgif-frame-041,0.30709402901785715,0.28955078125,0.28926678093112246,0.01754324776785715,0.017827248086734693
video 24,ezgif-frame-042,video_24_frame_042_segformer.png,video 24 - ezgif-frame-042,0.3100037866709184,0.2922313456632653,0.29208685427295916,0.017772441007653073,0.017916932397959218
video 24,ezgif-frame-043,video_24_frame_043_segformer.png,video 24 - ezgif-frame-043,0.30947564572704084,0.29457310267857145,0.29434390943877553,0.014902543048469385,0.015131736288265307
video 24,ezgif-frame-044,video_24_frame_044_segformer.png,video 24 - ezgif-frame-044,0.30903718909438777,0.29457310267857145,0.29434390943877553,0.014464086415816313,0.014693279655612235
video 24,ezgif-frame-045,video_24_frame_045_segformer.png,video 24 - ezgif-frame-045,0.31507593271683676,0.301822584502551,0.30179767219387754,0.013253348214285754,0.013278260522959218
video 24,ezgif-frame-046,video_24_frame_046_segformer.png,video 24 - ezgif-frame-046,0.3152403539540816,0.2997997050382653,0.29960040656887754,0.015440648915816313,0.015639947385204078
video 24,ezgif-frame-047,video_24_frame_047_segformer.png,video 24 - ezgif-frame-047,0.3185885682397959,0.30350665656887754,0.30336216517857145,0.01508191167091838,0.01522640306122447
video 24,ezgif-frame-048,video_24_frame_048_segformer.png,video 24 - ezgif-frame-048,0.31937579719387754,0.3060327646683674,0.30556441326530615,0.013343032525510168,0.013811383928571397
video 24,ezgif-frame-049,video_24_frame_049_segformer.png,video 24 - ezgif-frame-049,0.32334681919642855,0.3060327646683674,0.30556441326530615,0.017314054528061174,0.017782405931122403
video 24,ezgif-frame-050,video_24_frame_050_segformer.png,video 24 - ezgif-frame-050,0.3274673150510204,0.3068249760841837,0.3064662388392857,0.020642338966836704,0.021001076211734693
video 24,ezgif-frame-051,video_24_frame_051_segformer.png,video 24 - ezgif-frame-051,0.32969447544642855,0.3097446986607143,0.309814453125,0.019949776785714246,0.019880022321428548
video 24,ezgif-frame-052,video_24_frame_052_segformer.png,video 24 - ezgif-frame-052,0.3318718112244898,0.3106016820790816,0.3102479272959184,0.021270129145408156,0.021623883928571397
video 24,ezgif-frame-053,video_24_frame_053_segformer.png,video 24 - ezgif-frame-053,0.3377212213010204,0.31294343909438777,0.31269929846938777,0.024777782206632626,0.025021922831632626
video 24,ezgif-frame-054,video_24_frame_054_segformer.png,video 24 - ezgif-frame-054,0.3391163105867347,0.31294343909438777,0.31269929846938777,0.026172871492346927,0.026417012117346927
video 24,ezgif-frame-055,video_24_frame_055_segformer.png,video 24 - ezgif-frame-055,0.3383240991709184,0.31581831951530615,0.315494459502551,0.022505779655612235,0.022829639668367374
video 24,ezgif-frame-056,video_24_frame_056_segformer.png,video 24 - ezgif-frame-056,0.3400779257015306,0.3171984614158163,0.31718351403061223,0.0228794642857143,0.02289441167091838
video 24,ezgif-frame-057,video_24_frame_057_segformer.png,video 24 - ezgif-frame-057,0.341373365752551,0.31899713010204084,0.31869818239795916,0.022376235650510168,0.022675183354591844
video 24,ezgif-frame-058,video_24_frame_058_segformer.png,video 24 - ezgif-frame-058,0.33963448660714285,0.32100007971938777,0.3207459741709184,0.018634406887755084,0.01888851243622447
video 24,ezgif-frame-059,video_24_frame_059_segformer.png,video 24 - ezgif-frame-059,0.34042171556122447,0.32100007971938777,0.3207459741709184,0.019421635841836704,0.01967574139030609
video 24,ezgif-frame-060,video_24_frame_060_segformer.png,video 24 - ezgif-frame-060,0.34364536830357145,0.32393973214285715,0.32363081951530615,0.0197056361607143,0.020014548788265307
video 24,ezgif-frame-061,video_24_frame_061_segformer.png,video 24 - ezgif-frame-061,0.34761140784438777,0.3259875239158163,0.32565369897959184,0.021623883928571452,0.021957708864795922
video 24,ezgif-frame-062,video_24_frame_062_segformer.png,video 24 - ezgif-frame-062,0.3522351323341837,0.32743742028061223,0.326839524872449,0.024797712053571452,0.025395607461734693
video 24,ezgif-frame-063,video_24_frame_063_segformer.png,video 24 - ezgif-frame-063,0.34927056760204084,0.3280054209183674,0.3277961575255102,0.021265146683673464,0.021474410076530615
video 24,ezgif-frame-064,video_24_frame_064_segformer.png,video 24 - ezgif-frame-064,0.35074039381377553,0.3280054209183674,0.3277961575255102,0.022734972895408156,0.022944236288265307
video 1,ezgif-frame-001,video_1_frame_001_segformer.png,video 1 - ezgif-frame-001,0.012316645408163265,0.015066964285714286,0.01508689413265306,0.0027503188775510213,0.0027702487244897957
video 1,ezgif-frame-002,video_1_frame_002_segformer.png,video 1 - ezgif-frame-002,0.01249103156887755,0.015874123086734693,0.015889070471938774,0.003383091517857142,0.003398038903061224
video 1,ezgif-frame-003,video_1_frame_003_segformer.png,video 1 - ezgif-frame-003,0.01902802136479592,0.020722058354591837,0.020756935586734693,0.0016940369897959183,0.0017289142219387744
video 1,ezgif-frame-004,video_1_frame_004_segformer.png,video 1 - ezgif-frame-004,0.0198551100127551,0.020707110969387755,0.020746970663265307,0.0008520009566326536,0.000891860650510206
video 1,ezgif-frame-005,video_1_frame_005_segformer.png,video 1 - ezgif-frame-005,0.03739337531887755,0.04376594387755102,0.04380580357142857,0.006372568558673471,0.0064124282525510196
video 1,ezgif-frame-006,video_1_frame_006_segformer.png,video 1 - ezgif-frame-006,0.06207150829081633,0.06430365114795919,0.06430365114795919,0.002232142857142863,0.002232142857142863
video 1,ezgif-frame-007,video_1_frame_007_segformer.png,video 1 - ezgif-frame-007,0.06074119100765306,0.06401965082908163,0.06405452806122448,0.0032784598214285754,0.0033133370535714246
video 1,ezgif-frame-008,video_1_frame_008_segformer.png,video 1 - ezgif-frame-008,0.08021763392857142,0.08554886798469388,0.08555385044642858,0.005331234056122458,0.005336216517857151
video 1,ezgif-frame-009,video_1_frame_009_segformer.png,video 1 - ezgif-frame-009,0.07956493144132654,0.08473672672193877,0.08477658641581633,0.005171795280612235,0.0052116549744897905
video 1,ezgif-frame-010,video_1_frame_010_segformer.png,video 1 - ezgif-frame-010,0.10132334183673469,0.10423309948979592,0.10423309948979592,0.002909757653061229,0.002909757653061229
video 1,ezgif-frame-011,video_1_frame_011_segformer.png,video 1 - ezgif-frame-011,0.11846301020408163,0.12322126116071429,0.12326112085459184,0.004758250956632654,0.0047981106505102095
video 1,ezgif-frame-012,video_1_frame_012_segformer.png,video 1 - ezgif-frame-012,0.11928013392857142,0.12217992665816327,0.12219487404336735,0.0028997927295918435,0.0029147401147959218
video 1,ezgif-frame-013,video_1_frame_013_segformer.png,video 1 - ezgif-frame-013,0.13380400988520408,0.135498046875,0.135498046875,0.0016940369897959218,0.0016940369897959218
video 1,ezgif-frame-014,video_1_frame_014_segformer.png,video 1 - ezgif-frame-014,0.13542829241071427,0.135498046875,0.135498046875,6.975446428572618e-05,6.975446428572618e-05
video 1,ezgif-frame-015,video_1_frame_015_segformer.png,video 1 - ezgif-frame-015,0.15369897959183673,0.15129245057397958,0.15130241549744897,0.002406529017857151,0.0023965640943877653
video 1,ezgif-frame-016,video_1_frame_016_segformer.png,video 1 - ezgif-frame-016,0.16661352040816327,0.16630959024234693,0.1663394850127551,0.0003039301658163407,0.00027403539540815647
video 1,ezgif-frame-017,video_1_frame_017_segformer.png,video 1 - ezgif-frame-017,0.1664092394770408,0.16624980070153061,0.16627969547193877,0.00015943877551019559,0.00012954400510203912
video 1,ezgif-frame-018,video_1_frame_018_segformer.png,video 1 - ezgif-frame-018,0.1836535395408163,0.18116230867346939,0.18119718590561223,0.0024912308673469274,0.0024563536352040782
video 1,ezgif-frame-019,video_1_frame_019_segformer.png,video 1 - ezgif-frame-019,0.1807487643494898,0.18147122130102042,0.18151108099489796,0.0007224569515306145,0.0007623166454081565
video 1,ezgif-frame-020,video_1_frame_020_segformer.png,video 1 - ezgif-frame-020,0.19587053571428573,0.19758450255102042,0.19762436224489796,0.0017139668367346927,0.0017538265306122347
video 1,ezgif-frame-021,video_1_frame_021_segformer.png,video 1 - ezgif-frame-021,0.210205078125,0.2108428332270408,0.21067841198979592,0.0006377551020408101,0.00047333386479592177
video 1,ezgif-frame-022,video_1_frame_022_segformer.png,video 1 - ezgif-frame-022,0.21079799107142858,0.2108478156887755,0.21067841198979592,4.982461734692745e-05,0.00011957908163265363
video 1,ezgif-frame-023,video_1_frame_023_segformer.png,video 1 - ezgif-frame-023,0.2293327487244898,0.2250926737882653,0.2249481823979592,0.004240074936224497,0.0043845663265306145
video 1,ezgif-frame-024,video_1_frame_024_segformer.png,video 1 - ezgif-frame-024,0.22394670758928573,0.22508270886479592,0.2249382174744898,0.0011360012755101956,0.0009915098852040782
video 1,ezgif-frame-025,video_1_frame_025_segformer.png,video 1 - ezgif-frame-025,0.23750398596938777,0.2377032844387755,0.2374691087372449,0.00019929846938773754,3.487723214287697e-05
video 1,ezgif-frame-026,video_1_frame_026_segformer.png,video 1 - ezgif-frame-026,0.24919284119897958,0.2482013313137755,0.24806182238520408,0.0009915098852040782,0.0011310188137755028
video 1,ezgif-frame-027,video_1_frame_027_segformer.png,video 1 - ezgif-frame-027,0.2477429448341837,0.2481066645408163,0.24799206792091838,0.00036371970663262587,0.00024912308673469274
video 1,ezgif-frame-028,video_1_frame_028_segformer.png,video 1 - ezgif-frame-028,0.26182836415816324,0.26258071588010207,0.26254583864795916,0.0007523517219388265,0.0007174744897959218
video 1,ezgif-frame-029,video_1_frame_029_segformer.png,video 1 - ezgif-frame-029,0.2634825414540816,0.263492506377551,0.2631088568239796,9.96492346938549e-06,0.00037368463010201136
video 1,ezgif-frame-030,video_1_frame_030_segformer.png,video 1 - ezgif-frame-030,0.27432437818877553,0.27425960618622447,0.2737414301658163,6.477200255106119e-05,0.0005829480229592177
video 1,ezgif-frame-031,video_1_frame_031_segformer.png,video 1 - ezgif-frame-031,0.2879264987244898,0.28427933673469385,0.28369140625,0.0036471619897959218,0.004235092474489777
video 1,ezgif-frame-032,video_1_frame_032_segformer.png,video 1 - ezgif-frame-032,0.2895457987882653,0.28427933673469385,0.28369140625,0.005266462053571452,0.005854392538265307
video 1,ezgif-frame-033,video_1_frame_033_segformer.png,video 1 - ezgif-frame-033,0.2998594945790816,0.29392538265306123,0.29336734693877553,0.005934111926020391,0.00649214764030609
video 1,ezgif-frame-034,video_1_frame_034_segformer.png,video 1 - ezgif-frame-034,0.29707429846938777,0.29391541772959184,0.29335239955357145,0.0031588807397959218,0.003721898915816313
video 1,ezgif-frame-035,video_1_frame_035_segformer.png,video 1 - ezgif-frame-035,0.3110451211734694,0.30555943080357145,0.30521065848214285,0.005485690369897933,0.005834462691326536
video 1,ezgif-frame-036,video_1_frame_036_segformer.png,video 1 - ezgif-frame-036,0.3213388871173469,0.31596281090561223,0.3155941087372449,0.005376076211734693,0.005744778380102011
video 1,ezgif-frame-037,video_1_frame_037_segformer.png,video 1 - ezgif-frame-037,0.3207509566326531,0.31594786352040816,0.3155990911989796,0.004803093112244916,0.005151865433673464
video 1,ezgif-frame-038,video_1_frame_038_segformer.png,video 1 - ezgif-frame-038,0.3347865513392857,0.3257334183673469,0.32530990911989793,0.009053132971938771,0.009476642219387765
video 1,ezgif-frame-039,video_1_frame_039_segformer.png,video 1 - ezgif-frame-039,0.3329579878826531,0.3257433832908163,0.32509068080357145,0.00721460459183676,0.00786730707908162
video 1,ezgif-frame-040,video_1_frame_040_segformer.png,video 1 - ezgif-frame-040,0.341129225127551,0.33850845025510207,0.3379603794642857,0.002620774872448939,0.0031688456632653073
video 1,ezgif-frame-041,video_1_frame_041_segformer.png,video 1 - ezgif-frame-041,0.35020727040816324,0.35304727359693877,0.35202586894132654,0.0028400031887755306,0.001818598533163296
video 1,ezgif-frame-042,video_1_frame_042_segformer.png,video 1 - ezgif-frame-042,0.347232740752551,0.3530373086734694,0.35201590401785715,0.00580456792091838,0.004783163265306145
video 1,ezgif-frame-043,video_1_frame_043_segformer.png,video 1 - ezgif-frame-043,0.36366988201530615,0.3634755660076531,0.36275310905612246,0.00019431600765307255,0.0009167729591836871
video 1,ezgif-frame-044,video_1_frame_044_segformer.png,video 1 - ezgif-frame-044,0.36463647959183676,0.3634406887755102,0.3627132493622449,0.0011957908163265363,0.0019232302295918435
video 1,ezgif-frame-045,video_1_frame_045_segformer.png,video 1 - ezgif-frame-045,0.37754105548469385,0.3749402104591837,0.37392877072704084,0.002600845025510168,0.003612284757653017
video 1,ezgif-frame-046,video_1_frame_046_segformer.png,video 1 - ezgif-frame-046,0.38735152264030615,0.3832509566326531,0.38245376275510207,0.0041005660076530726,0.004897759885204078
video 1,ezgif-frame-047,video_1_frame_047_segformer.png,video 1 - ezgif-frame-047,0.38455636160714285,0.38325593909438777,0.38245376275510207,0.001300422512755084,0.0021025988520407823
video 1,ezgif-frame-048,video_1_frame_048_segformer.png,video 1 - ezgif-frame-048,0.39310626594387754,0.3917859135841837,0.39082429846938777,0.001320352359693855,0.0022819674744897767
video 1,ezgif-frame-049,video_1_frame_049_segformer.png,video 1 - ezgif-frame-049,0.3926578443877551,0.39146703603316324,0.39051538584183676,0.0011908083545918435,0.0021424585459183243
video 1,ezgif-frame-050,video_1_frame_050_segformer.png,video 1 - ezgif-frame-050,0.39974788743622447,0.40091876594387754,0.39981265943877553,0.0011708785076530726,6.477200255106119e-05
video 1,ezgif-frame-051,video_1_frame_051_segformer.png,video 1 - ezgif-frame-051,0.4119200414540816,0.41165597098214285,0.41029077646683676,0.000264070471938771,0.0016292649872448606
video 1,ezgif-frame-052,video_1_frame_052_segformer.png,video 1 - ezgif-frame-052,0.41330516581632654,0.41165597098214285,0.41029077646683676,0.001649194834183687,0.0030143893494897767
video 1,ezgif-frame-053,video_1_frame_053_segformer.png,video 1 - ezgif-frame-053,0.42257752710459184,0.42054468271683676,0.41903997927295916,0.002032844387755084,0.0035375478316326814
video 1,ezgif-frame-054,video_1_frame_054_segformer.png,video 1 - ezgif-frame-054,0.4211924027423469,0.42054966517857145,0.4190200494260204,0.0006427375637754751,0.0021723533163265363
video 1,ezgif-frame-055,video_1_frame_055_segformer.png,video 1 - ezgif-frame-055,0.42892518335459184,0.42758490114795916,0.4259506536989796,0.0013402822066326814,0.0029745296556122347
video 1,ezgif-frame-056,video_1_frame_056_segformer.png,video 1 - ezgif-frame-056,0.43716119260204084,0.43832708864795916,0.43648357780612246,0.0011658960459183243,0.0006776147959183798
video 1,ezgif-frame-057,video_1_frame_057_segformer.png,video 1 - ezgif-frame-057,0.4379384566326531,0.43811782525510207,0.43639389349489793,0.00017936862244899432,0.0015445631377551394
video 1,ezgif-frame-058,video_1_frame_058_segformer.png,video 1 - ezgif-frame-058,0.44608976403061223,0.4443259725765306,0.44248744419642855,0.0017637914540816202,0.003602319834183687
video 1,ezgif-frame-059,video_1_frame_059_segformer.png,video 1 - ezgif-frame-059,0.44747987085459184,0.4444555165816326,0.44273158482142855,0.0030243542729592177,0.004748286033163296
video 1,ezgif-frame-060,video_1_frame_060_segformer.png,video 1 - ezgif-frame-060,0.4561393893494898,0.45346380739795916,0.45229292889030615,0.0026755819515306145,0.0038464604591836316
video 1,ezgif-frame-061,video_1_frame_061_segformer.png,video 1 - ezgif-frame-061,0.4666324537627551,0.4612414301658163,0.45943279655612246,0.005391023596938771,0.007199657206632626
video 1,ezgif-frame-062,video_1_frame_062_segformer.png,video 1 - ezgif-frame-062,0.4667869100765306,0.4612364477040816,0.459407884247449,0.005550462372448994,0.00737902582908162
video 1,ezgif-frame-063,video_1_frame_063_segformer.png,video 1 - ezgif-frame-063,0.4710020727040816,0.46910375478316324,0.4672154017857143,0.0018983179209183798,0.0037866709183673186
video 1,ezgif-frame-064,video_1_frame_064_segformer.png,video 1 - ezgif-frame-064,0.47416095344387754,0.46910375478316324,0.467220384247449,0.005057198660714302,0.006940569196428548
video 1,ezgif-frame-065,video_1_frame_065_segformer.png,video 1 - ezgif-frame-065,0.4816097337372449,0.477294921875,0.47563077965561223,0.004314811862244916,0.005978954081632681
video 1,ezgif-frame-066,video_1_frame_066_segformer.png,video 1 - ezgif-frame-066,0.4902941645408163,0.48653240593112246,0.48448461415816324,0.003761758609693855,0.0058095503826530726
video 1,ezgif-frame-067,video_1_frame_067_segformer.png,video 1 - ezgif-frame-067,0.4943797831632653,0.4864925462372449,0.48446468431122447,0.007887236926020391,0.009915098852040838
video 1,ezgif-frame-068,video_1_frame_068_segformer.png,video 1 - ezgif-frame-068,0.5030791613520408,0.4934630102040816,0.49191346460459184,0.009616151147959162,0.011165696747448939
video 1,ezgif-frame-069,video_1_frame_069_segformer.png,video 1 - ezgif-frame-069,0.49931242028061223,0.4930444834183674,0.49149992028061223,0.006267936862244861,0.0078125
video 1,ezgif-frame-070,video_1_frame_070_segformer.png,video 1 - ezgif-frame-070,0.5043746014030612,0.49814154177295916,0.49661690848214285,0.006233059630102067,0.00775769292091838
video 1,ezgif-frame-071,video_1_frame_071_segformer.png,video 1 - ezgif-frame-071,0.5164172114158163,0.5090182557397959,0.5076331313775511,0.007398955676020447,0.008784080038265252
video 1,ezgif-frame-072,video_1_frame_072_segformer.png,video 1 - ezgif-frame-072,0.5165915975765306,0.5092374840561225,0.5072993064413265,0.0073541135204081565,0.009292291135204134
video 1,ezgif-frame-073,video_1_frame_073_segformer.png,video 1 - ezgif-frame-073,0.5225257095025511,0.5168506855867347,0.5144292091836735,0.005675023915816313,0.008096500318877542
video 1,ezgif-frame-074,video_1_frame_074_segformer.png,video 1 - ezgif-frame-074,0.5251713966836735,0.516845703125,0.5144242267219388,0.00832569355867352,0.010747169961734748
video 1,ezgif-frame-075,video_1_frame_075_segformer.png,video 1 - ezgif-frame-075,0.5304577885841837,0.5235222018494898,0.5214395328443877,0.006935586734693855,0.009018255739795977
video 1,ezgif-frame-076,video_1_frame_076_segformer.png,video 1 - ezgif-frame-076,0.5363719706632653,0.5309659996811225,0.5298299984056123,0.005405970982142794,0.0065419722576529615
video 1,ezgif-frame-077,video_1_frame_077_segformer.png,video 1 - ezgif-frame-077,0.5407665019132653,0.5309410873724489,0.5298001036352041,0.009825414540816313,0.010966398278061118
video 1,ezgif-frame-078,video_1_frame_078_segformer.png,video 1 - ezgif-frame-078,0.5514488998724489,0.5354950573979592,0.5343590561224489,0.01595384247448972,0.01708984375
video 1,ezgif-frame-079,video_1_frame_079_segformer.png,video 1 - ezgif-frame-079,0.5485690369897959,0.5356196189413265,0.5345633370535714,0.012949418048469385,0.01400569993622447
video 1,ezgif-frame-080,video_1_frame_080_segformer.png,video 1 - ezgif-frame-080,0.5544184470663265,0.5438606106505102,0.5429886798469388,0.010557836415816313,0.01142976721938771
video 1,ezgif-frame-081,video_1_frame_081_segformer.png,video 1 - ezgif-frame-081,0.5613390864158163,0.5561473612882653,0.5558733258928571,0.005191725127551061,0.005465760522959218
video 1,ezgif-frame-082,video_1_frame_082_segformer.png,video 1 - ezgif-frame-082,0.5645876514668368,0.55615234375,0.5558733258928571,0.00843530771683676,0.008714325573979664
video 1,ezgif-frame-083,video_1_frame_083_segformer.png,video 1 - ezgif-frame-083,0.5679159359056123,0.5638901068239796,0.5633221061862245,0.004025829081632737,0.004593829719387821
video 1,ezgif-frame-084,video_1_frame_084_segformer.png,video 1 - ezgif-frame-084,0.5714385363520408,0.5638950892857143,0.5633221061862245,0.007543447066326481,0.008116430165816313
video 1,ezgif-frame-085,video_1_frame_085_segformer.png,video 1 - ezgif-frame-085,0.5796944754464286,0.5735610650510204,0.5729083625637755,0.0061334103954081565,0.0067861128826530726
video 1,ezgif-frame-086,video_1_frame_086_segformer.png,video 1 - ezgif-frame-086,0.5842085857780612,0.5804617745535714,0.5793158083545918,0.003746811224489832,0.0048927774234693855
video 1,ezgif-frame-087,video_1_frame_087_segformer.png,video 1 - ezgif-frame-087,0.5820461973852041,0.5804817044005102,0.5793257732780612,0.001564492984693966,0.0027204241071429047
video 1,ezgif-frame-088,video_1_frame_088_segformer.png,video 1 - ezgif-frame-088,0.594841159119898,0.5854990433673469,0.5843132174744898,0.009342115752551061,0.010527941645408156
video 1,ezgif-frame-089,video_1_frame_089_segformer.png,video 1 - ezgif-frame-089,0.5895049426020408,0.5847965162627551,0.5839245854591837,0.004708426339285698,0.005580357142857095
video 1,ezgif-frame-090,video_1_frame_090_segformer.png,video 1 - ezgif-frame-090,0.5995196906887755,0.5917171556122449,0.5902323820153061,0.0078025350765306145,0.009287308673469385
video 1,ezgif-frame-091,video_1_frame_091_segformer.png,video 1 - ezgif-frame-091,0.6055883290816326,0.5954838966836735,0.5945272640306123,0.010104432397959107,0.011061065051020336
video 1,ezgif-frame-092,video_1_frame_092_segformer.png,video 1 - ezgif-frame-092,0.6081293845663265,0.5954938616071429,0.5948760363520408,0.012635522959183576,0.013253348214285698
video 1,ezgif-frame-093,video_1_frame_093_segformer.png,video 1 - ezgif-frame-093,0.6119858099489796,0.6064602598852041,0.6046815210459183,0.00552555006377542,0.007304288903061229
video 1,ezgif-frame-094,video_1_frame_094_segformer.png,video 1 - ezgif-frame-094,0.6105110012755102,0.6064602598852041,0.6046964684311225,0.004050741390306034,0.00581453284438771
video 1,ezgif-frame-095,video_1_frame_095_segformer.png,video 1 - ezgif-frame-095,0.6162109375,0.6158272879464286,0.6145866549744898,0.00038364955357139685,0.0016242825255101678
video 1,ezgif-frame-096,video_1_frame_096_segformer.png,video 1 - ezgif-frame-096,0.6340880102040817,0.623893893494898,0.6223094706632653,0.010194116709183687,0.011778539540816424
video 1,ezgif-frame-097,video_1_frame_097_segformer.png,video 1 - ezgif-frame-097,0.6302266023596939,0.6238988759566326,0.6223094706632653,0.006327726403061229,0.007917131696428603
video 1,ezgif-frame-098,video_1_frame_098_segformer.png,video 1 - ezgif-frame-098,0.6331014827806123,0.6312779017857143,0.6295390226403061,0.0018235809948979886,0.003562460140306145
video 1,ezgif-frame-099,video_1_frame_099_segformer.png,video 1 - ezgif-frame-099,0.6355976961096939,0.6318459024234694,0.6297781808035714,0.0037517936862244694,0.005819515306122458
video 1,ezgif-frame-100,video_1_frame_100_segformer.png,video 1 - ezgif-frame-100,0.6448700573979592,0.6433254942602041,0.641845703125,0.001544563137755084,0.0030243542729592177
video 1,ezgif-frame-101,video_1_frame_101_segformer.png,video 1 - ezgif-frame-101,0.6487763073979592,0.6536690848214286,0.6508838887117347,0.0048927774234693855,0.0021075813137755306
video 1,ezgif-frame-102,video_1_frame_102_segformer.png,video 1 - ezgif-frame-102,0.6511479591836735,0.6536342075892857,0.6508888711734694,0.002486248405612179,0.00025908801020413375
video 1,ezgif-frame-103,video_1_frame_103_segformer.png,video 1 - ezgif-frame-103,0.6640076929209183,0.6647600446428571,0.6626624282525511,0.000752351721938771,0.001345264668367263
video 1,ezgif-frame-104,video_1_frame_104_segformer.png,video 1 - ezgif-frame-104,0.6597277582908163,0.6648098692602041,0.6627022879464286,0.005082110969387821,0.00297452965561229
video 1,ezgif-frame-105,video_1_frame_105_segformer.png,video 1 - ezgif-frame-105,0.664924465880102,0.666130221619898,0.6643166055484694,0.0012057557397959773,0.0006078603316326259
video 1,ezgif-frame-106,video_1_frame_106_segformer.png,video 1 - ezgif-frame-106,0.670783840880102,0.6726721938775511,0.6709233498086735,0.0018883529974490498,0.00013950892857150787
video 1,ezgif-frame-107,video_1_frame_107_segformer.png,video 1 - ezgif-frame-107,0.6728615274234694,0.6726721938775511,0.6709233498086735,0.0001893335459183243,0.0019381776147958663
video 1,ezgif-frame-108,video_1_frame_108_segformer.png,video 1 - ezgif-frame-108,0.6762545838647959,0.6763442681760204,0.6747698102678571,8.968431122458043e-05,0.001484773596938771
video 1,ezgif-frame-109,video_1_frame_109_segformer.png,video 1 - ezgif-frame-109,0.6818548708545918,0.6763791454081632,0.6747797751913265,0.005475725446428603,0.007075095663265363
video 1,ezgif-frame-110,video_1_frame_110_segformer.png,video 1 - ezgif-frame-110,0.6868323501275511,0.6819495376275511,0.6795280612244898,0.0048828125,0.007304288903061229
video 1,ezgif-frame-111,video_1_frame_111_segformer.png,video 1 - ezgif-frame-111,0.6936084980867347,0.6881875797193877,0.6857611208545918,0.0054209183673470385,0.007847377232142905
video 1,ezgif-frame-112,video_1_frame_112_segformer.png,video 1 - ezgif-frame-112,0.6944754464285714,0.6884865274234694,0.6860999282525511,0.005988919005102011,0.008375518176020336
video 1,ezgif-frame-113,video_1_frame_113_segformer.png,video 1 - ezgif-frame-113,0.7025918765943877,0.6943160076530612,0.6919842155612245,0.00827586894132648,0.01060766103316324
video 1,ezgif-frame-114,video_1_frame_114_segformer.png,video 1 - ezgif-frame-114,0.6994429607780612,0.6943209901147959,0.6918895487882653,0.005121970663265363,0.007553411989795977
video 21,ezgif-frame-001,video_21_frame_001_segformer.png,video 21 - ezgif-frame-001,0.11203563456632654,0.10777562978316327,0.10777562978316327,0.004260004783163268,0.004260004783163268
video 21,ezgif-frame-002,video_21_frame_002_segformer.png,video 21 - ezgif-frame-002,0.11301717952806123,0.10716776945153061,0.10719766422193877,0.0058494100765306145,0.005819515306122458
video 21,ezgif-frame-003,video_21_frame_003_segformer.png,video 21 - ezgif-frame-003,0.11669921875,0.10721759406887756,0.10723752391581633,0.009481624681122444,0.009461694834183673
video 21,ezgif-frame-004,video_21_frame_004_segformer.png,video 21 - ezgif-frame-004,0.13242386798469388,0.11584223533163265,0.1158870774872449,0.01658163265306123,0.01653679049744898
video 21,ezgif-frame-005,video_21_frame_005_segformer.png,video 21 - ezgif-frame-005,0.14952865911989796,0.12992765465561223,0.12994758450255103,0.019601004464285726,0.019581074617346927
video 21,ezgif-frame-006,video_21_frame_006_segformer.png,video 21 - ezgif-frame-006,0.15865154655612246,0.1436493542729592,0.14367426658163265,0.015002192283163268,0.014977279974489804
video 21,ezgif-frame-007,video_21_frame_007_segformer.png,video 21 - ezgif-frame-007,0.1724430006377551,0.15981246014030612,0.15981246014030612,0.012630540497448994,0.012630540497448994
video 21,ezgif-frame-008,video_21_frame_008_segformer.png,video 21 - ezgif-frame-008,0.18455038265306123,0.1732601243622449,0.1732800542091837,0.01129025829081634,0.011270328443877542
video 21,ezgif-frame-009,video_21_frame_009_segformer.png,video 21 - ezgif-frame-009,0.19623923788265307,0.18381297831632654,0.18381297831632654,0.012426259566326536,0.012426259566326536
video 21,ezgif-frame-010,video_21_frame_010_segformer.png,video 21 - ezgif-frame-010,0.20844626913265307,0.1912468112244898,0.19126674107142858,0.017199457908163268,0.017179528061224497
video 21,ezgif-frame-011,video_21_frame_011_segformer.png,video 21 - ezgif-frame-011,0.21425083705357142,0.20527742346938777,0.20528240593112246,0.00897341358418366,0.008968431122448967
video 21,ezgif-frame-012,video_21_frame_012_segformer.png,video 21 - ezgif-frame-012,0.2242755500637755,0.21421595982142858,0.21422094228316327,0.010059590242346927,0.010054607780612235
video 21,ezgif-frame-013,video_21_frame_013_segformer.png,video 21 - ezgif-frame-013,0.2307726801658163,0.22537169164540816,0.22537169164540816,0.0054009885204081565,0.0054009885204081565
video 21,ezgif-frame-014,video_21_frame_014_segformer.png,video 21 - ezgif-frame-014,0.2457549426020408,0.25828085140306123,0.25697544642857145,0.012525908801020419,0.011220503826530642
video 21,ezgif-frame-015,video_21_frame_015_segformer.png,video 21 - ezgif-frame-015,0.2534279336734694,0.26711973852040816,0.2661680883290816,0.013691804846938771,0.012740154655612235
video 21,ezgif-frame-016,video_21_frame_016_segformer.png,video 21 - ezgif-frame-016,0.27014907525510207,0.27614795918367346,0.27452367665816324,0.005998883928571397,0.0043746014030611735
video 21,ezgif-frame-017,video_21_frame_017_segformer.png,video 21 - ezgif-frame-017,0.2814343510841837,0.30391023596938777,0.30246532206632654,0.022475884885204078,0.02103097098214285
video 21,ezgif-frame-018,video_21_frame_018_segformer.png,video 21 - ezgif-frame-018,0.28867386798469385,0.3104671556122449,0.30946568080357145,0.02179328762755106,0.020791812818877597
video 21,ezgif-frame-019,video_21_frame_019_segformer.png,video 21 - ezgif-frame-019,0.30247030452806123,0.31698421556122447,0.3170539700255102,0.01451391103316324,0.014583665497448994
video 21,ezgif-frame-020,video_21_frame_020_segformer.png,video 21 - ezgif-frame-020,0.30894252232142855,0.32411910076530615,0.3230578364158163,0.015176578443877597,0.014115314094387765
video 21,ezgif-frame-021,video_21_frame_021_segformer.png,video 21 - ezgif-frame-021,0.32839405293367346,0.33139349489795916,0.33017279177295916,0.0029994419642856984,0.0017787388392856984
video 21,ezgif-frame-022,video_21_frame_022_segformer.png,video 21 - ezgif-frame-022,0.32801040338010207,0.33384984853316324,0.3324697066326531,0.0058394451530611735,0.004459303252551006
video 21,ezgif-frame-023,video_21_frame_023_segformer.png,video 21 - ezgif-frame-023,0.3369140625,0.3363460618622449,0.33638093909438777,0.0005680006377550839,0.0005331234056122347
video 21,ezgif-frame-024,video_21_frame_024_segformer.png,video 21 - ezgif-frame-024,0.348209303252551,0.35390425701530615,0.3539241868622449,0.005694953762755139,0.00571488360969391
video 21,ezgif-frame-025,video_21_frame_025_segformer.png,video 21 - ezgif-frame-025,0.3539889588647959,0.3617366868622449,0.36179149394132654,0.007747727997448994,0.0078025350765306145
video 21,ezgif-frame-026,video_21_frame_026_segformer.png,video 21 - ezgif-frame-026,0.3598034917091837,0.3641830755739796,0.36423290019132654,0.004379583864795922,0.004429408482142849
video 21,ezgif-frame-027,video_21_frame_027_segformer.png,video 21 - ezgif-frame-027,0.36904097576530615,0.3709093989158163,0.37100406568877553,0.0018684231505101678,0.0019630899234693855
video 21,ezgif-frame-028,video_21_frame_028_segformer.png,video 21 - ezgif-frame-028,0.37808414381377553,0.3766491948341837,0.37666912468112246,0.0014349489795918435,0.0014150191326530726
video 21,ezgif-frame-029,video_21_frame_029_segformer.png,video 21 - ezgif-frame-029,0.38662906568877553,0.3854432397959184,0.385433274872449,0.0011858258928571508,0.0011957908163265363
video 21,ezgif-frame-030,video_21_frame_030_segformer.png,video 21 - ezgif-frame-030,0.3921695631377551,0.39223931760204084,0.39229412468112246,6.975446428575394e-05,0.00012456154336737413
video 21,ezgif-frame-031,video_21_frame_031_segformer.png,video 21 - ezgif-frame-031,0.3936742665816326,0.39779974489795916,0.39784956951530615,0.004125478316326536,0.004175302933673519
video 21,ezgif-frame-032,video_21_frame_032_segformer.png,video 21 - ezgif-frame-032,0.4030064174107143,0.40175581951530615,0.40181062659438777,0.0012505978954081565,0.0011957908163265363
video 21,ezgif-frame-033,video_21_frame_033_segformer.png,video 21 - ezgif-frame-033,0.41141183035714285,0.40733617665816324,0.4073860012755102,0.004075653698979609,0.004025829081632626
video 21,ezgif-frame-034,video_21_frame_034_segformer.png,video 21 - ezgif-frame-034,0.417301100127551,0.42055963010204084,0.420589524872449,0.003258529974489832,0.0032884247448979886
video 21,ezgif-frame-035,video_21_frame_035_segformer.png,video 21 - ezgif-frame-035,0.4226672114158163,0.43471480389030615,0.43476961096938777,0.012047592474489832,0.012102399553571452
video 21,ezgif-frame-036,video_21_frame_036_segformer.png,video 21 - ezgif-frame-036,0.42312061543367346,0.4387954400510204,0.43885024713010207,0.015674824617346927,0.015729631696428603
video 21,ezgif-frame-037,video_21_frame_037_segformer.png,video 21 - ezgif-frame-037,0.4263293207908163,0.4454769212372449,0.445556640625,0.019147600446428603,0.019227319834183687
video 21,ezgif-frame-038,video_21_frame_038_segformer.png,video 21 - ezgif-frame-038,0.42833227040816324,0.4469467474489796,0.4470264668367347,0.01861447704081637,0.018694196428571452
video 21,ezgif-frame-039,video_21_frame_039_segformer.png,video 21 - ezgif-frame-039,0.43641382334183676,0.4532047193877551,0.4531947544642857,0.016790896045918324,0.01678093112244894
video 21,ezgif-frame-040,video_21_frame_040_segformer.png,video 21 - ezgif-frame-040,0.4445003587372449,0.4575294961734694,0.4576042330994898,0.01302913743622447,0.01310387436224486
