image_id,video,stem,iou,dice,precision,recall,accuracy,gt_war,pred_war,war_abs_error,category
video 1_ezgif-frame-053,video 1,ezgif-frame-053,0.9806804656982422,0.9902459979057312,0.9911642670631409,0.98932945728302,0.9917640089988708,0.42257753014564514,0.4217952787876129,0.0007822513580322266,Best Segmentation
video 1_ezgif-frame-079,video 1,ezgif-frame-079,0.9805352687835693,0.9901719689369202,0.9943849444389343,0.9859945774078369,0.9892628192901611,0.5485690236091614,0.5439403057098389,0.00462871789932251,Best Segmentation
video 1_ezgif-frame-071,video 1,ezgif-frame-071,0.9800605773925781,0.9899299144744873,0.9906281232833862,0.9892326593399048,0.9896065592765808,0.5164172053337097,0.5156897902488708,0.0007274150848388672,Best Segmentation
video 1_ezgif-frame-025,video 1,ezgif-frame-025,0.9552248120307922,0.9770997166633606,0.974084734916687,0.9801334142684937,0.9890884160995483,0.2375039905309677,0.2389787882566452,0.0014747977256774902,Median Segmentation
video 21_ezgif-frame-029,video 21,ezgif-frame-029,0.9552171230316162,0.9770956635475159,0.9786557555198669,0.9755405783653259,0.9823172688484192,0.3866290748119354,0.38539838790893555,0.001230686902999878,Median Segmentation
video 1_ezgif-frame-022,video 1,ezgif-frame-022,0.9562075734138489,0.977613627910614,0.9761966466903687,0.9790347218513489,0.9905482530593872,0.2107979953289032,0.21141083538532257,0.0006128400564193726,Median Segmentation
video 1_ezgif-frame-001,video 1,ezgif-frame-001,0.5991706848144531,0.7493517994880676,0.804267168045044,0.7014563083648682,0.9942203164100647,0.012316645123064518,0.0107421875,0.001574457623064518,Worst Segmentation
video 1_ezgif-frame-002,video 1,ezgif-frame-002,0.63671875,0.7780429720878601,0.7758826017379761,0.7802153825759888,0.9944396018981934,0.012491031549870968,0.012560785748064518,6.975419819355011e-05,Worst Segmentation
video 1_ezgif-frame-003,video 1,ezgif-frame-003,0.714685320854187,0.8336052298545837,0.7509972453117371,0.9366326332092285,0.9928850531578064,0.01902802102267742,0.02373146452009678,0.004703443497419357,Worst Segmentation
video 1_ezgif-frame-051,video 1,ezgif-frame-051,0.9746321439743042,0.9871531128883362,0.9872486591339111,0.987057626247406,0.9894172549247742,0.41192004084587097,0.4118403196334839,7.972121238708496e-05,Lowest WAR Error
video 24_ezgif-frame-054,video 24,ezgif-frame-054,0.9148871302604675,0.9555520415306091,0.9856774806976318,0.9272134304046631,0.9707479476928711,0.33911630511283875,0.3190021216869354,0.02011418342590332,Highest WAR Error
video 24_ezgif-frame-056,video 24,ezgif-frame-056,0.9158130288124084,0.9560567736625671,0.985081136226654,0.9286938905715942,0.970967173576355,0.3400779366493225,0.32061144709587097,0.019466489553451538,Highest WAR Error
video 24_ezgif-frame-062,video 24,ezgif-frame-062,0.9267565011978149,0.9619861245155334,0.989575207233429,0.9358936548233032,0.9739466905593872,0.3522351384162903,0.33312737941741943,0.01910775899887085,Highest WAR Error
video 24_ezgif-frame-051,video 24,ezgif-frame-051,0.927294135093689,0.9622756838798523,0.9851967692375183,0.9403968453407288,0.9756905436515808,0.3296944797039032,0.31470224261283875,0.014992237091064453,Medium WAR Stage
video 21_ezgif-frame-021,video 21,ezgif-frame-021,0.9348012208938599,0.9663020968437195,0.9715933203697205,0.9610680937767029,0.9779874682426453,0.3283940553665161,0.3248365819454193,0.0035574734210968018,Medium WAR Stage
video 1_ezgif-frame-113,video 1,ezgif-frame-113,0.9737999439239502,0.9867260456085205,0.9919447898864746,0.9815619587898254,0.9814453125,0.7025918960571289,0.6952377557754517,0.007354140281677246,High WAR Stage
video 1_ezgif-frame-114,video 1,ezgif-frame-114,0.9687926173210144,0.9841489791870117,0.9871217608451843,0.981194019317627,0.9778928160667419,0.699442982673645,0.6952427625656128,0.0042002201080322266,High WAR Stage
