image_id,video,stem,iou,dice,precision,recall,accuracy,gt_war,pred_war,war_abs_error,total_cam_sum,roi_cam_fraction,wet_cam_fraction,bg_cam_fraction,boundary_cam_fraction
video 24_ezgif-frame-001,video 24,ezgif-frame-001,0.772575855255127,0.8716984987258911,0.9014163613319397,0.8438776135444641,0.9693827629089355,0.12325115501880646,0.11538384854793549,0.007867306470870972,17369.9609375,0.9973417520523071,0.9904937744140625,0.002658385317772627,0.28822991251945496
video 24_ezgif-frame-002,video 24,ezgif-frame-002,0.7619640827178955,0.8649030923843384,0.8720120787620544,0.857909083366394,0.9676339030265808,0.12076491117477417,0.11881178617477417,0.001953125,17748.26171875,0.9974491596221924,0.9910310506820679,0.002550896955654025,0.29795730113983154
video 24_ezgif-frame-003,video 24,ezgif-frame-003,0.7480323314666748,0.8558564186096191,0.8589323163032532,0.8528024554252625,0.9657056927680969,0.119384765625,0.11853276193141937,0.0008520036935806274,18068.751953125,0.9974347949028015,0.9912302494049072,0.0025652642361819744,0.29020094871520996
video 24_ezgif-frame-004,video 24,ezgif-frame-004,0.755070686340332,0.8604447841644287,0.8684741258621216,0.8525624871253967,0.9666075706481934,0.1207449808716774,0.11853276193141937,0.002212218940258026,18068.751953125,0.9974347949028015,0.9912302494049072,0.0025652642361819744,0.29020094871520996
video 24_ezgif-frame-005,video 24,ezgif-frame-005,0.7909972071647644,0.883303701877594,0.893765389919281,0.8730840682983398,0.9689542651176453,0.13457629084587097,0.1314622461795807,0.003114044666290283,20459.66015625,0.9977037310600281,0.9920679330825806,0.00229628081433475,0.2722403407096863
video 24_ezgif-frame-006,video 24,ezgif-frame-006,0.8129476308822632,0.8968241810798645,0.9198337197303772,0.8749377131462097,0.9698112607002258,0.14995715022087097,0.14263790845870972,0.007319241762161255,22246.966796875,0.9978983402252197,0.9927231073379517,0.0021016199607402086,0.26183053851127625
video 24_ezgif-frame-007,video 24,ezgif-frame-007,0.8103601932525635,0.8952474594116211,0.9212117195129395,0.8707066774368286,0.967130720615387,0.16131217777729034,0.15246830880641937,0.008843868970870972,24078.40234375,0.9979683756828308,0.9933574795722961,0.0020315400324761868,0.25025704503059387
video 24_ezgif-frame-008,video 24,ezgif-frame-008,0.8455668091773987,0.9163221120834351,0.9426140785217285,0.8914570212364197,0.9714654684066772,0.1752580851316452,0.1657465696334839,0.009511515498161316,26333.900390625,0.9981848001480103,0.9936708211898804,0.0018151196418330073,0.24108977615833282
video 24_ezgif-frame-009,video 24,ezgif-frame-009,0.8274853825569153,0.9056000113487244,0.9311141967773438,0.8814467787742615,0.9673698544502258,0.17756497859954834,0.16809330880641937,0.009471669793128967,26520.708984375,0.9981977343559265,0.993800938129425,0.0018022010335698724,0.23317764699459076
video 24_ezgif-frame-010,video 24,ezgif-frame-010,0.8403766751289368,0.9132659435272217,0.9356014728546143,0.891972005367279,0.9686653017997742,0.18494898080825806,0.17632433772087097,0.008624643087387085,28645.849609375,0.9982830882072449,0.9937296509742737,0.0017169007332995534,0.22328878939151764
video 24_ezgif-frame-011,video 24,ezgif-frame-011,0.848338782787323,0.9179472923278809,0.9518776535987854,0.8863525986671448,0.9691137075424194,0.19491888582706451,0.1815011203289032,0.013417765498161316,28611.201171875,0.9983565807342529,0.9945313334465027,0.0016433203127235174,0.2150781899690628
video 24_ezgif-frame-012,video 24,ezgif-frame-012,0.8682333827018738,0.9294699430465698,0.9578683376312256,0.9027069807052612,0.9722875356674194,0.20228296518325806,0.19063396751880646,0.011648997664451599,30821.033203125,0.9984575510025024,0.9946833252906799,0.0015424046432599425,0.21211735904216766
video 24_ezgif-frame-013,video 24,ezgif-frame-013,0.8929887413978577,0.9434697031974792,0.9648510217666626,0.9230154156684875,0.9765625,0.21189413964748383,0.2027064710855484,0.009187668561935425,32499.431640625,0.9985407590866089,0.9950497150421143,0.0014593282248824835,0.20189297199249268
video 24_ezgif-frame-014,video 24,ezgif-frame-014,0.8932599425315857,0.943621039390564,0.965539276599884,0.9226757884025574,0.9766123294830322,0.2121233195066452,0.2027064710855484,0.009416848421096802,32499.431640625,0.9985407590866089,0.9950497150421143,0.0014593282248824835,0.20189297199249268
video 24_ezgif-frame-015,video 24,ezgif-frame-015,0.8825119137763977,0.937589704990387,0.9665922522544861,0.9102768898010254,0.9735730290412903,0.21807238459587097,0.2053671032190323,0.012705281376838684,33136.8515625,0.9985738396644592,0.995086669921875,0.0014261590549722314,0.1945958137512207
video 24_ezgif-frame-016,video 24,ezgif-frame-016,0.8869316577911377,0.9400781989097595,0.9631074070930481,0.9181246161460876,0.973966658115387,0.22242207825183868,0.21203364431858063,0.010388433933258057,33920.4296875,0.9986139535903931,0.9952793717384338,0.0013861105544492602,0.19305114448070526
video 24_ezgif-frame-017,video 24,ezgif-frame-017,0.8761922717094421,0.9340111613273621,0.9644867777824402,0.9054024815559387,0.9705736041069031,0.23001036047935486,0.21591995656490326,0.014090403914451599,34275.29296875,0.9986547231674194,0.9954093098640442,0.0013452516868710518,0.18412430584430695
video 24_ezgif-frame-018,video 24,ezgif-frame-018,0.8765255808830261,0.9342005252838135,0.9607194066047668,0.9091063141822815,0.9698560833930969,0.23538145422935486,0.22273597121238708,0.012645483016967773,35548.36328125,0.9986766576766968,0.9954288601875305,0.0013234536163508892,0.17373432219028473
video 24_ezgif-frame-019,video 24,ezgif-frame-019,0.8797107338905334,0.936006486415863,0.966020941734314,0.9078009724617004,0.9705785512924194,0.23702068626880646,0.22273597121238708,0.014284715056419373,35548.36328125,0.9986766576766968,0.9954288601875305,0.0013234536163508892,0.17373432219028473
video 24_ezgif-frame-020,video 24,ezgif-frame-020,0.8920203447341919,0.9429289102554321,0.9546805024147034,0.9314631223678589,0.9730648398399353,0.2388841211795807,0.23307457566261292,0.0058095455169677734,37520.77734375,0.9987205862998962,0.9948670864105225,0.001279398100450635,0.17010866105556488
video 24_ezgif-frame-021,video 24,ezgif-frame-021,0.887286901473999,0.9402776956558228,0.9565631151199341,0.9245375394821167,0.9713707566261292,0.2437669336795807,0.23560567200183868,0.008161261677742004,37238.73828125,0.9987406134605408,0.9954307675361633,0.0012594712898135185,0.16876259446144104
video 24_ezgif-frame-022,video 24,ezgif-frame-022,0.8944612741470337,0.9442908763885498,0.9665129780769348,0.9230676889419556,0.9728854298591614,0.2489536851644516,0.23776307702064514,0.011190608143806458,38365.68359375,0.9987555742263794,0.9949629306793213,0.0012443333398550749,0.16691355407238007
video 24_ezgif-frame-023,video 24,ezgif-frame-023,0.8995743989944458,0.9471325874328613,0.9641227722167969,0.9307307600975037,0.9739018678665161,0.2511758506298065,0.2424764782190323,0.008699372410774231,39282.78515625,0.9988073110580444,0.9949533343315125,0.0011927110608667135,0.1696263700723648
video 24_ezgif-frame-024,video 24,ezgif-frame-024,0.8968845009803772,0.9456395506858826,0.9624378681182861,0.929417610168457,0.9731694459915161,0.2510911524295807,0.2424764782190323,0.008614674210548401,39282.78515625,0.9988073110580444,0.9949533343315125,0.0011927110608667135,0.1696263700723648
video 24_ezgif-frame-025,video 24,ezgif-frame-025,0.8931252360343933,0.9435458779335022,0.9743083119392395,0.9146665334701538,0.9720533490180969,0.25533124804496765,0.2397012561559677,0.01562999188899994,38372.40234375,0.9987602829933167,0.9949097633361816,0.0012396411038935184,0.16866973042488098
video 24_ezgif-frame-026,video 24,ezgif-frame-026,0.914897620677948,0.9555577635765076,0.970715343952179,0.940866231918335,0.9775091409683228,0.2569854259490967,0.24908322095870972,0.007902204990386963,40019.19921875,0.9987930655479431,0.995902955532074,0.0012069091899320483,0.16949616372585297
video 24_ezgif-frame-027,video 24,ezgif-frame-027,0.9213414192199707,0.9590606093406677,0.9771934747695923,0.9415884017944336,0.9788942933082581,0.26255083084106445,0.25298449397087097,0.009566336870193481,41298.60546875,0.9988336563110352,0.9961342811584473,0.0011662584729492664,0.1659393459558487
video 24_ezgif-frame-028,video 24,ezgif-frame-028,0.9206031560897827,0.9586604833602905,0.9796161651611328,0.9385825395584106,0.9784607887268066,0.2660883665084839,0.2549425959587097,0.01114577054977417,41439.90625,0.9988347887992859,0.9960381984710693,0.0011651999084278941,0.164618581533432
video 24_ezgif-frame-029,video 24,ezgif-frame-029,0.914627730846405,0.9554104804992676,0.9811405539512634,0.9309954643249512,0.976652204990387,0.26867425441741943,0.2549425959587097,0.013731658458709717,41439.90625,0.9988347887992859,0.9960381984710693,0.0011651999084278941,0.164618581533432
video 24_ezgif-frame-030,video 24,ezgif-frame-030,0.9275527596473694,0.9624149203300476,0.9792685508728027,0.9461315274238586,0.9800552129745483,0.26989495754241943,0.26076212525367737,0.009132832288742065,42445.171875,0.998875081539154,0.9963749051094055,0.0011248420923948288,0.1646001785993576
video 24_ezgif-frame-031,video 24,ezgif-frame-031,0.9281652569770813,0.9627445340156555,0.9816382527351379,0.9445643424987793,0.9799206852912903,0.2746681571006775,0.26429468393325806,0.010373473167419434,42888.87890625,0.9988933801651001,0.9963026642799377,0.0011065159924328327,0.16221827268600464
video 24_ezgif-frame-032,video 24,ezgif-frame-032,0.9122135639190674,0.9540917277336121,0.9745234847068787,0.9344990849494934,0.9750926494598389,0.2769601047039032,0.26558515429496765,0.011374950408935547,43148.3515625,0.998879611492157,0.9963712692260742,0.0011203960748389363,0.1571199893951416
video 24_ezgif-frame-033,video 24,ezgif-frame-033,0.919259786605835,0.9579315781593323,0.9689309597015381,0.9471791386604309,0.976716935634613,0.27986985445022583,0.2735869884490967,0.00628286600112915,44049.4453125,0.9989217519760132,0.9965745210647583,0.0010782533790916204,0.15127292275428772
video 24_ezgif-frame-034,video 24,ezgif-frame-034,0.9185050129890442,0.9575216174125671,0.972099781036377,0.9433742165565491,0.9764030575752258,0.28191766142845154,0.2735869884490967,0.008330672979354858,44049.4453125,0.9989217519760132,0.9965745210647583,0.0010782533790916204,0.15127292275428772
video 24_ezgif-frame-035,video 24,ezgif-frame-035,0.9279717803001404,0.9626404047012329,0.9764021039009094,0.9492612481117249,0.9790537357330322,0.2842843234539032,0.2763821482658386,0.007902175188064575,44363.37890625,0.9989117980003357,0.9964798092842102,0.0010882581118494272,0.15202513337135315
video 24_ezgif-frame-036,video 24,ezgif-frame-036,0.915614902973175,0.9559488296508789,0.9819117188453674,0.9313235282897949,0.9748485088348389,0.2930285334587097,0.27793169021606445,0.015096843242645264,45011.41015625,0.9989228248596191,0.9964811205863953,0.0010771624511107802,0.1478148251771927
video 24_ezgif-frame-037,video 24,ezgif-frame-037,0.9252609014511108,0.9611797332763672,0.9774270057678223,0.9454637765884399,0.977519154548645,0.2943638265132904,0.2847377359867096,0.00962609052658081,44328.546875,0.998958170413971,0.9965316653251648,0.0010418712627142668,0.1497955322265625
video 24_ezgif-frame-038,video 24,ezgif-frame-038,0.9250184893608093,0.96104896068573,0.9787733554840088,0.9439550042152405,0.9772799611091614,0.29692980647087097,0.2863669991493225,0.010562807321548462,45002.98828125,0.9989772439002991,0.9965655207633972,0.0010226801969110966,0.14606863260269165
video 24_ezgif-frame-039,video 24,ezgif-frame-039,0.9240298271179199,0.9605150818824768,0.9772771000862122,0.9443183541297913,0.9769909977912903,0.2963618040084839,0.2863669991493225,0.009994804859161377,45002.98828125,0.9989772439002991,0.9965655207633972,0.0010226801969110966,0.14606863260269165
video 24_ezgif-frame-040,video 24,ezgif-frame-040,0.9216912388801575,0.9592500925064087,0.9804432392120361,0.938953697681427,0.9757852554321289,0.3035365641117096,0.2906917631626129,0.01284480094909668,45067.23828125,0.9989688396453857,0.9964523315429688,0.001031144056469202,0.14636820554733276
video 24_ezgif-frame-041,video 24,ezgif-frame-041,0.9252536296844482,0.961175799369812,0.9821038842201233,0.9411211013793945,0.976652204990387,0.3070940375328064,0.2942791283130646,0.012814909219741821,45204.79296875,0.9989956021308899,0.9965295195579529,0.001004331512376666,0.14426933228969574
video 24_ezgif-frame-042,video 24,ezgif-frame-042,0.9279845952987671,0.9626473188400269,0.9820589423179626,0.9439881443977356,0.9772899150848389,0.31000378727912903,0.29798609018325806,0.012017697095870972,47525.515625,0.9990055561065674,0.9966797232627869,0.0009943661279976368,0.14436563849449158
video 24_ezgif-frame-043,video 24,ezgif-frame-043,0.9278637766838074,0.9625822901725769,0.9756101369857788,0.9498977661132812,0.9771454334259033,0.3094756603240967,0.3013193607330322,0.008156299591064453,48555.35546875,0.9990193843841553,0.9967597126960754,0.0009805891895666718,0.14484605193138123
video 24_ezgif-frame-044,video 24,ezgif-frame-044,0.9281172156333923,0.962718665599823,0.9750479459762573,0.9506973028182983,0.9772450923919678,0.3090371787548065,0.3013193607330322,0.007717818021774292,48555.35546875,0.9990193843841553,0.9967597126960754,0.0009805891895666718,0.14484605193138123
video 24_ezgif-frame-045,video 24,ezgif-frame-045,0.9362836480140686,0.9670934677124023,0.9821451902389526,0.9524961709976196,0.9795768857002258,0.31507593393325806,0.30556440353393555,0.00951153039932251,49358.77734375,0.9990226030349731,0.9961563944816589,0.0009773466736078262,0.14473110437393188
video 24_ezgif-frame-046,video 24,ezgif-frame-046,0.9284917116165161,0.962920069694519,0.9797176718711853,0.9466887712478638,0.9770159125328064,0.31524035334587097,0.30461275577545166,0.010627597570419312,49962.7109375,0.9990295171737671,0.9967330098152161,0.0009705420816317201,0.14165928959846497
video 24_ezgif-frame-047,video 24,ezgif-frame-047,0.9303060173988342,0.9638948440551758,0.9792473316192627,0.949016273021698,0.9773497581481934,0.3185885548591614,0.30875319242477417,0.009835362434387207,50849.75,0.999040961265564,0.9968076944351196,0.0009590567206032574,0.13964632153511047
video 24_ezgif-frame-048,video 24,ezgif-frame-048,0.9325626492500305,0.9651046991348267,0.977854311466217,0.9526833295822144,0.9779974222183228,0.31937578320503235,0.31115472316741943,0.008221060037612915,51537.3828125,0.9990442395210266,0.996799647808075,0.0009556476725265384,0.1395713835954666
video 24_ezgif-frame-049,video 24,ezgif-frame-049,0.9299678802490234,0.9637133479118347,0.9825940728187561,0.9455444812774658,0.9769760370254517,0.3233468234539032,0.31115472316741943,0.012192100286483765,51537.3828125,0.9990442395210266,0.996799647808075,0.0009556476725265384,0.1395713835954666
video 24_ezgif-frame-050,video 24,ezgif-frame-050,0.9198577404022217,0.9582561254501343,0.9852144718170166,0.9327338337898254,0.973388671875,0.32746732234954834,0.3100237250328064,0.017443597316741943,50973.93359375,0.9990468621253967,0.9967475533485413,0.000953165115788579,0.13912679255008698
video 24_ezgif-frame-051,video 24,ezgif-frame-051,0.927294135093689,0.9622756838798523,0.9851967692375183,0.9403968453407288,0.9756905436515808,0.3296944797039032,0.31470224261283875,0.014992237091064453,51968.6015625,0.9990729093551636,0.9966811537742615,0.0009270206210203469,0.1369941383600235
video 24_ezgif-frame-052,video 24,ezgif-frame-052,0.9180296063423157,0.9572632312774658,0.9839285016059875,0.9320051670074463,0.9723821878433228,0.33187180757522583,0.3143584728240967,0.01751333475112915,50584.203125,0.9990662932395935,0.9969164729118347,0.0009336443617939949,0.13490352034568787
video 24_ezgif-frame-053,video 24,ezgif-frame-053,0.9146305918693542,0.9554120898246765,0.9834439754486084,0.9289339184761047,0.9707180857658386,0.33772122859954834,0.3190021216869354,0.018719106912612915,52335.8125,0.9990690350532532,0.996901273727417,0.0009310213499702513,0.13275174796581268
video 24_ezgif-frame-054,video 24,ezgif-frame-054,0.9148871302604675,0.9555520415306091,0.9856774806976318,0.9272134304046631,0.9707479476928711,0.33911630511283875,0.3190021216869354,0.02011418342590332,52335.8125,0.9990690350532532,0.996901273727417,0.0009310213499702513,0.13275174796581268
video 24_ezgif-frame-055,video 24,ezgif-frame-055,0.9195646047592163,0.9580970406532288,0.9858229160308838,0.9318881630897522,0.9724220633506775,0.33832409977912903,0.3198142647743225,0.01850983500480652,52007.83203125,0.9990686774253845,0.9968740940093994,0.0009313185000792146,0.13418376445770264
video 24_ezgif-frame-056,video 24,ezgif-frame-056,0.9158130288124084,0.9560567736625671,0.985081136226654,0.9286938905715942,0.970967173576355,0.3400779366493225,0.32061144709587097,0.019466489553451538,51628.0546875,0.9990681409835815,0.9968859553337097,0.0009317568619735539,0.1334075927734375
video 24_ezgif-frame-057,video 24,ezgif-frame-057,0.9250766038894653,0.9610803127288818,0.9847471117973328,0.9385244250297546,0.9740513563156128,0.34137335419654846,0.3253497779369354,0.016023576259613037,52879.984375,0.9991022348403931,0.9969601035118103,0.0008977826219052076,0.1314750462770462
video 24_ezgif-frame-058,video 24,ezgif-frame-058,0.9248355031013489,0.9609501957893372,0.9802395701408386,0.9424052834510803,0.9739865660667419,0.3396344780921936,0.32652562856674194,0.01310884952545166,52932.29296875,0.9990904331207275,0.9969332814216614,0.0009095004643313587,0.13062413036823273
video 24_ezgif-frame-059,video 24,ezgif-frame-059,0.9280261397361755,0.9626696705818176,0.9831540584564209,0.9430214762687683,0.9751026630401611,0.3404217064380646,0.32652562856674194,0.013896077871322632,52932.29296875,0.9990904331207275,0.9969332814216614,0.0009095004643313587,0.13062413036823273
video 24_ezgif-frame-060,video 24,ezgif-frame-060,0.9287715554237366,0.9630705714225769,0.9850368499755859,0.9420626163482666,0.9751724004745483,0.3436453640460968,0.32865312695503235,0.014992237091064453,53565.859375,0.9991114735603333,0.9969750046730042,0.0008885841234587133,0.13015438616275787
video 24_ezgif-frame-061,video 24,ezgif-frame-061,0.9252164363861084,0.9611557722091675,0.986172080039978,0.9373772740364075,0.9736627340316772,0.3476113975048065,0.3304119408130646,0.017199456691741943,53871.234375,0.9991105198860168,0.996968150138855,0.0008895285427570343,0.1279027909040451
video 24_ezgif-frame-062,video 24,ezgif-frame-062,0.9267565011978149,0.9619861245155334,0.989575207233429,0.9358936548233032,0.9739466905593872,0.3522351384162903,0.33312737941741943,0.01910775899887085,55169.91796875,0.9991178512573242,0.9967543482780457,0.0008821144001558423,0.13036786019802094
video 24_ezgif-frame-063,video 24,ezgif-frame-063,0.9316413402557373,0.9646111130714417,0.9837161898612976,0.9462339282035828,0.9757503867149353,0.3492705821990967,0.3359624147415161,0.013308167457580566,54035.140625,0.9991158843040466,0.9968242049217224,0.0008841109811328351,0.1301858127117157
video 24_ezgif-frame-064,video 24,ezgif-frame-064,0.9325817227363586,0.965114951133728,0.9863411784172058,0.9447830319404602,0.9760442972183228,0.3507404029369354,0.3359624147415161,0.014777988195419312,54035.140625,0.9991158843040466,0.9968242049217224,0.0008841109811328351,0.1301858127117157
video 1_ezgif-frame-001,video 1,ezgif-frame-001,0.5991706848144531,0.7493517994880676,0.804267168045044,0.7014563083648682,0.9942203164100647,0.012316645123064518,0.0107421875,0.001574457623064518,1572.683837890625,0.9577935934066772,0.7460684180259705,0.04220635071396828,0.7833542227745056
video 1_ezgif-frame-002,video 1,ezgif-frame-002,0.63671875,0.7780429720878601,0.7758826017379761,0.7802153825759888,0.9944396018981934,0.012491031549870968,0.012560785748064518,6.975419819355011e-05,1789.9813232421875,0.9695982933044434,0.8053665161132812,0.03040170855820179,0.842064619064331
video 1_ezgif-frame-003,video 1,ezgif-frame-003,0.714685320854187,0.8336052298545837,0.7509972453117371,0.9366326332092285,0.9928850531578064,0.01902802102267742,0.02373146452009678,0.004703443497419357,3307.5263671875,0.9916841983795166,0.9350501894950867,0.008315839804708958,0.8265544176101685
video 1_ezgif-frame-004,video 1,ezgif-frame-004,0.7364033460617065,0.848193883895874,0.7789208292961121,0.9309912323951721,0.9933832883834839,0.019855109974741936,0.02373146452009678,0.003876354545354843,3307.163330078125,0.9916757345199585,0.9350424408912659,0.008324203081429005,0.8265465497970581
video 1_ezgif-frame-005,video 1,ezgif-frame-005,0.7570644617080688,0.861737847328186,0.7723336815834045,0.9745503067970276,0.9883061647415161,0.03739337623119354,0.04718391224741936,0.009790536016225815,7017.28369140625,0.9973273277282715,0.9756948351860046,0.0026726964861154556,0.7347550392150879
video 1_ezgif-frame-006,video 1,ezgif-frame-006,0.8898053765296936,0.9416899681091309,0.9002269506454468,0.987156867980957,0.992411732673645,0.062071509659290314,0.06806541234254837,0.005993902683258057,10697.1591796875,0.9984505772590637,0.9840096831321716,0.0015494050458073616,0.5946056246757507
video 1_ezgif-frame-007,video 1,ezgif-frame-007,0.8751739859580994,0.9334322810173035,0.8911016583442688,0.979985237121582,0.9915099143981934,0.06074118986725807,0.06679986417293549,0.006058674305677414,10569.287109375,0.9984068870544434,0.9841100573539734,0.0015931824455037713,0.6020175814628601
video 1_ezgif-frame-008,video 1,ezgif-frame-008,0.9121087193489075,0.9540343880653381,0.9222074151039124,0.9881366491317749,0.9923619031906128,0.0802176371216774,0.08595244586467743,0.0057348087430000305,13909.6806640625,0.9988896250724792,0.9878884553909302,0.0011103269644081593,0.4766305685043335
video 1_ezgif-frame-009,video 1,ezgif-frame-009,0.9129384756088257,0.9544880390167236,0.9178470373153687,0.9941762089729309,0.9924565553665161,0.07956492900848389,0.086181640625,0.006616711616516113,13753.0244140625,0.9988194108009338,0.9875739216804504,0.0011805606773123145,0.4778633117675781
video 1_ezgif-frame-010,video 1,ezgif-frame-010,0.9403998255729675,0.9692845940589905,0.9581091403961182,0.9807238578796387,0.9937021732330322,0.10132334381341934,0.10371492058038712,0.0023915767669677734,16894.123046875,0.9991003274917603,0.98959881067276,0.000899624137673527,0.39762017130851746
video 1_ezgif-frame-011,video 1,ezgif-frame-011,0.9300707578659058,0.9637685418128967,0.9443749189376831,0.9839754104614258,0.9912358522415161,0.11846300959587097,0.1234305277466774,0.004967518150806427,19996.708984375,0.999212384223938,0.9912514686584473,0.0007876647287048399,0.339260995388031
video 1_ezgif-frame-012,video 1,ezgif-frame-012,0.9353762865066528,0.9666092395782471,0.9495486617088318,0.984294056892395,0.9918885231018066,0.1192801371216774,0.12364476919174194,0.004364632070064545,20508.384765625,0.9992263317108154,0.9913895726203918,0.0007736739353276789,0.3387322425842285
video 1_ezgif-frame-013,video 1,ezgif-frame-013,0.9474798440933228,0.9730316996574402,0.9628158211708069,0.9834667444229126,0.9927057027816772,0.13380400836467743,0.1366739124059677,0.002869904041290283,22514.45703125,0.9992437958717346,0.9917580485343933,0.0007562486571259797,0.30903759598731995
video 1_ezgif-frame-014,video 1,ezgif-frame-014,0.9514670372009277,0.975130021572113,0.9708274006843567,0.97947096824646,0.9932337999343872,0.1354282945394516,0.13663405179977417,0.0012057572603225708,22507.876953125,0.9992425441741943,0.9917611479759216,0.0007574452902190387,0.30892232060432434
video 1_ezgif-frame-015,video 1,ezgif-frame-015,0.958511233329773,0.9788161516189575,0.9825569987297058,0.9751037359237671,0.9935128092765808,0.15369898080825806,0.15253308415412903,0.0011658966541290283,25420.490234375,0.9993144273757935,0.9927359819412231,0.0006855012616142631,0.27967286109924316
video 1_ezgif-frame-016,video 1,ezgif-frame-016,0.957594096660614,0.9783377647399902,0.9721844792366028,0.9845693707466125,0.9927355647087097,0.16661351919174194,0.1687360554933548,0.002122536301612854,28619.330078125,0.9993841052055359,0.9934481978416443,0.0006158050382509828,0.25708070397377014
video 1_ezgif-frame-017,video 1,ezgif-frame-017,0.959480345249176,0.9793212413787842,0.9725404381752014,0.9861971735954285,0.9930694103240967,0.16640923917293549,0.1687460094690323,0.0023367702960968018,28614.33984375,0.9993824362754822,0.9934508800506592,0.0006175135495141149,0.2570112347602844
video 1_ezgif-frame-018,video 1,ezgif-frame-018,0.9640405178070068,0.9816910624504089,0.9881263375282288,0.9753391146659851,0.993318498134613,0.18365353345870972,0.18127690255641937,0.0023766309022903442,30096.69140625,0.9994449019432068,0.9940167665481567,0.0005551266949623823,0.2417065054178238
video 1_ezgif-frame-019,video 1,ezgif-frame-019,0.9626200795173645,0.980954110622406,0.9787333011627197,0.9831849336624146,0.9930992722511292,0.18074876070022583,0.1815708726644516,0.000822111964225769,30993.25390625,0.9994396567344666,0.9940151572227478,0.0005603561876341701,0.24075287580490112
video 1_ezgif-frame-020,video 1,ezgif-frame-020,0.9623734951019287,0.9808260202407837,0.9772962331771851,0.984381377696991,0.9924615621566772,0.1958705335855484,0.1972905397415161,0.0014200061559677124,32324.0859375,0.9994775652885437,0.9942557215690613,0.0005223657935857773,0.22266779839992523
video 1_ezgif-frame-021,video 1,ezgif-frame-021,0.9568485021591187,0.9779484868049622,0.9751596450805664,0.9807533025741577,0.990702748298645,0.210205078125,0.21141083538532257,0.0012057572603225708,35533.5234375,0.9995115995407104,0.9948909282684326,0.0004885353846475482,0.21033601462841034
video 1_ezgif-frame-022,video 1,ezgif-frame-022,0.9562075734138489,0.977613627910614,0.9761966466903687,0.9790347218513489,0.9905482530593872,0.2107979953289032,0.21141083538532257,0.0006128400564193726,35529.94140625,0.9995097517967224,0.9948891997337341,0.0004903126391582191,0.21033620834350586
video 1_ezgif-frame-023,video 1,ezgif-frame-023,0.9664426445960999,0.9829350113868713,0.9879507422447205,0.9779699444770813,0.9922124147415161,0.22933274507522583,0.2270158976316452,0.0023168474435806274,38777.30859375,0.9995397329330444,0.9952162504196167,0.0004600759129971266,0.1954747438430786
video 1_ezgif-frame-024,video 1,ezgif-frame-024,0.9578006863594055,0.9784455895423889,0.9717784523963928,0.985204815864563,0.9902791976928711,0.2239467054605484,0.22704081237316132,0.003094106912612915,38771.24609375,0.9995383620262146,0.9952234029769897,0.00046176178148016334,0.1955215036869049
video 1_ezgif-frame-025,video 1,ezgif-frame-025,0.9552248120307922,0.9770997166633606,0.974084734916687,0.9801334142684937,0.9890884160995483,0.2375039905309677,0.2389787882566452,0.0014747977256774902,40665.55859375,0.9995391368865967,0.9953091740608215,0.0004607932933140546,0.18785643577575684
video 1_ezgif-frame-026,video 1,ezgif-frame-026,0.9605502486228943,0.9798782467842102,0.9782963991165161,0.9814651608467102,0.9899553656578064,0.24919283390045166,0.25,0.0008071660995483398,42475.4375,0.9995616674423218,0.9955222010612488,0.0004382914339657873,0.18160071969032288
video 1_ezgif-frame-027,video 1,ezgif-frame-027,0.9525197148323059,0.9756825566291809,0.9717894196510315,0.9796070456504822,0.9879025816917419,0.24774295091629028,0.24973593652248383,0.0019929856061935425,42436.7109375,0.9995617270469666,0.9955456852912903,0.00043824812746606767,0.18165047466754913
video 1_ezgif-frame-028,video 1,ezgif-frame-028,0.9599465727806091,0.9795640110969543,0.974518358707428,0.9846622347831726,0.9892428517341614,0.26182836294174194,0.2645537853240967,0.0027254223823547363,44131.828125,0.9995693564414978,0.9957499504089355,0.0004305437032599002,0.17648743093013763
video 1_ezgif-frame-029,video 1,ezgif-frame-029,0.9630617499351501,0.9811833500862122,0.9792796969413757,0.9830944538116455,0.9900649785995483,0.26348254084587097,0.2645089328289032,0.0010263919830322266,44195.078125,0.9995777606964111,0.99562007188797,0.0004220700357109308,0.17793786525726318
video 1_ezgif-frame-030,video 1,ezgif-frame-030,0.9598864316940308,0.9795327186584473,0.9764126539230347,0.9826728105545044,0.9887346625328064,0.2743243873119354,0.27608320116996765,0.0017588138580322266,46933.48046875,0.9996066689491272,0.9958828091621399,0.0003933554398827255,0.1698271632194519
video 1_ezgif-frame-031,video 1,ezgif-frame-031,0.9769676923751831,0.9883496761322021,0.9916727542877197,0.985048770904541,0.9933135509490967,0.28792649507522583,0.2860032618045807,0.0019232332706451416,48874.86328125,0.9996232390403748,0.9959533214569092,0.0003767749003600329,0.16524642705917358
video 1_ezgif-frame-032,video 1,ezgif-frame-032,0.971514880657196,0.985551655292511,0.9916553497314453,0.9795226454734802,0.9916842579841614,0.28954580426216125,0.2860032618045807,0.0035425424575805664,48877.83203125,0.9996227025985718,0.9959530234336853,0.00037732720375061035,0.16524459421634674
video 1_ezgif-frame-033,video 1,ezgif-frame-033,0.9738197326660156,0.9867362380027771,0.9933154582977295,0.9802435636520386,0.992097795009613,0.29985949397087097,0.2959133982658386,0.003946095705032349,48359.140625,0.9996183514595032,0.9960214495658875,0.00038168090395629406,0.16105398535728455
video 1_ezgif-frame-034,video 1,ezgif-frame-034,0.9689976572990417,0.9842547178268433,0.9861438274383545,0.9823728799819946,0.9906628727912903,0.2970742881298065,0.29593828320503235,0.00113600492477417,48375.6171875,0.9996182322502136,0.9960178136825562,0.0003816899552475661,0.1610175520181656
video 1_ezgif-frame-035,video 1,ezgif-frame-035,0.9781987071037292,0.9889792203903198,0.9918793439865112,0.9860959649085999,0.9931640625,0.3110451102256775,0.3092315196990967,0.0018135905265808105,52623.140625,0.9996545910835266,0.9963156580924988,0.0003453594399616122,0.15424823760986328
video 1_ezgif-frame-036,video 1,ezgif-frame-036,0.9771060347557068,0.9884204864501953,0.9935146570205688,0.9833782911300659,0.9925960898399353,0.3213388919830322,0.31806042790412903,0.0032784640789031982,54036.046875,0.9996657967567444,0.9964913725852966,0.0003342203563079238,0.15188154578208923
video 1_ezgif-frame-037,video 1,ezgif-frame-037,0.9772986769676208,0.988519012928009,0.9927000403404236,0.9843730330467224,0.9926658272743225,0.3207509517669678,0.31806042790412903,0.002690523862838745,54042.3515625,0.9996651411056519,0.9964845776557922,0.00033482525032013655,0.1518149971961975
video 1_ezgif-frame-038,video 1,ezgif-frame-038,0.9767748117446899,0.9882509708404541,0.9945290088653564,0.9820517301559448,0.9921824932098389,0.3347865641117096,0.33058634400367737,0.0042002201080322266,56041.28515625,0.9996786713600159,0.996374249458313,0.00032123716664500535,0.147920161485672
video 1_ezgif-frame-039,video 1,ezgif-frame-039,0.9736112356185913,0.9866291880607605,0.990543007850647,0.9827462434768677,0.9911312460899353,0.3329579830169678,0.3303372263908386,0.0026207566261291504,55620.328125,0.9996777176856995,0.9964760541915894,0.0003221423248760402,0.14770324528217316
video 1_ezgif-frame-040,video 1,ezgif-frame-040,0.9763694405555725,0.9880434274673462,0.9857809543609619,0.9903163909912109,0.9918237924575806,0.34112921357154846,0.34269869327545166,0.0015694797039031982,57655.1640625,0.9996886253356934,0.9965140223503113,0.0003115081344731152,0.14563286304473877
video 1_ezgif-frame-041,video 1,ezgif-frame-041,0.9696058630943298,0.9845684170722961,0.977989912033081,0.9912360310554504,0.9891182780265808,0.35020726919174194,0.35495057702064514,0.004743307828903198,59497.5078125,0.9997165203094482,0.9968170523643494,0.00028346909675747156,0.1404844969511032
video 1_ezgif-frame-042,video 1,ezgif-frame-042,0.9643319845199585,0.9818421602249146,0.9711678624153137,0.9927537441253662,0.9872498512268066,0.34723272919654846,0.35495057702064514,0.00771784782409668,59493.015625,0.9997166991233826,0.9968176484107971,0.00028332031797617674,0.140481099486351
video 1_ezgif-frame-043,video 1,ezgif-frame-043,0.9692169427871704,0.984367847442627,0.9805075526237488,0.9882586598396301,0.9885851740837097,0.36366987228393555,0.3665447533130646,0.0028748810291290283,62907.08203125,0.9997231960296631,0.9968831539154053,0.00027684663655236363,0.13718019425868988
video 1_ezgif-frame-044,video 1,ezgif-frame-044,0.9685252904891968,0.9840109944343567,0.9816159605979919,0.9864177703857422,0.9883111715316772,0.36463648080825806,0.3664202094078064,0.0017837285995483398,62943.5625,0.999722957611084,0.9968469738960266,0.0002770272840280086,0.1372024416923523
video 1_ezgif-frame-045,video 1,ezgif-frame-045,0.9741189479827881,0.9868898391723633,0.9863044619560242,0.9874759316444397,0.9900948405265808,0.37754106521606445,0.3779894709587097,0.00044840574264526367,63281.69921875,0.9997451901435852,0.9970007538795471,0.0002548278425820172,0.13491371273994446
video 1_ezgif-frame-046,video 1,ezgif-frame-046,0.9760568737983704,0.9878833889961243,0.9889147877693176,0.9868541359901428,0.9906229972839355,0.38735151290893555,0.3865443766117096,0.0008071362972259521,66795.7109375,0.9997374415397644,0.9971274137496948,0.00026237397105433047,0.13322889804840088
video 1_ezgif-frame-047,video 1,ezgif-frame-047,0.9762853384017944,0.9880003929138184,0.9855104088783264,0.9905029535293579,0.9907475709915161,0.3845563530921936,0.38650450110435486,0.0019481480121612549,66797.21875,0.9997376799583435,0.9971176981925964,0.000262348388787359,0.1332613080739975
video 1_ezgif-frame-048,video 1,ezgif-frame-048,0.9744243025779724,0.987046480178833,0.9851273894309998,0.988973081111908,0.9897959232330322,0.39310625195503235,0.39464086294174194,0.0015346109867095947,66294.7265625,0.9997465014457703,0.9971538186073303,0.00025340812862850726,0.13185662031173706
video 1_ezgif-frame-049,video 1,ezgif-frame-049,0.9728956818580627,0.9862616658210754,0.9841681122779846,0.9883641004562378,0.9891880750656128,0.3926578462123871,0.3943319618701935,0.0016741156578063965,66459.6875,0.999739408493042,0.997117280960083,0.00026049211737699807,0.1316407471895218
video 1_ezgif-frame-050,video 1,ezgif-frame-050,0.9713001251220703,0.9854411482810974,0.9825654625892639,0.9883337020874023,0.9883260726928711,0.3997478783130646,0.40209463238716125,0.0023467540740966797,66135.234375,0.9997476935386658,0.9971046447753906,0.0002522349532227963,0.13114160299301147
video 1_ezgif-frame-051,video 1,ezgif-frame-051,0.9746321439743042,0.9871531128883362,0.9872486591339111,0.987057626247406,0.9894172549247742,0.41192004084587097,0.4118403196334839,7.972121238708496e-05,68947.4296875,0.9997624158859253,0.9971917271614075,0.0002378081262577325,0.1279280185699463
video 1_ezgif-frame-052,video 1,ezgif-frame-052,0.9706795811653137,0.9851216673851013,0.9868736267089844,0.9833759069442749,0.9877232313156128,0.4133051633834839,0.4118403196334839,0.00146484375,68947.4296875,0.9997624158859253,0.9971917271614075,0.0002378081262577325,0.1279280185699463
video 1_ezgif-frame-053,video 1,ezgif-frame-053,0.9806804656982422,0.9902459979057312,0.9911642670631409,0.98932945728302,0.9917640089988708,0.42257753014564514,0.4217952787876129,0.0007822513580322266,69441.6328125,0.9997548460960388,0.9972520470619202,0.00024523361935280263,0.1263532191514969
video 1_ezgif-frame-054,video 1,ezgif-frame-054,0.9800341725349426,0.9899164438247681,0.9892381429672241,0.9905956387519836,0.9914999008178711,0.4211924076080322,0.4217703640460968,0.0005779564380645752,69588.703125,0.999754786491394,0.9972557425498962,0.0002451088803354651,0.12628687918186188
video 1_ezgif-frame-055,video 1,ezgif-frame-055,0.9757820963859558,0.9877426028251648,0.9856005907058716,0.9898939728736877,0.9894620776176453,0.42892518639564514,0.4307936131954193,0.00186842679977417,71737.0859375,0.9997893571853638,0.9972791075706482,0.00021052952797617763,0.12520013749599457
video 1_ezgif-frame-056,video 1,ezgif-frame-056,0.9776010513305664,0.9886736869812012,0.984013557434082,0.9933781623840332,0.9900500178337097,0.4371612071990967,0.44132155179977417,0.00416034460067749,71335.8125,0.9997889399528503,0.9974297285079956,0.00021096982527524233,0.12365680187940598
video 1_ezgif-frame-057,video 1,ezgif-frame-057,0.9763355851173401,0.9880261421203613,0.9847210645675659,0.9913533926010132,0.9894770383834839,0.4379384517669678,0.44088807702064514,0.002949625253677368,71555.796875,0.9997873306274414,0.9973971247673035,0.00021276692859828472,0.12384186685085297
video 1_ezgif-frame-058,video 1,ezgif-frame-058,0.9747547507286072,0.9872159957885742,0.9855620861053467,0.9888755083084106,0.9885752201080322,0.4460897743701935,0.4475894868373871,0.0014997124671936035,73581.46875,0.9997888207435608,0.9974884390830994,0.00021111947717145085,0.12154528498649597
video 1_ezgif-frame-059,video 1,ezgif-frame-059,0.9735614657402039,0.9866036176681519,0.985491156578064,0.9877186417579651,0.9879972338676453,0.44747987389564514,0.44849130511283875,0.0010114312171936035,73606.5,0.999778687953949,0.9974303841590881,0.0002212478284491226,0.12166474014520645
video 1_ezgif-frame-060,video 1,ezgif-frame-060,0.9779713749885559,0.9888630509376526,0.9894253611564636,0.9883013367652893,0.9898457527160645,0.45613938570022583,0.45562121272087097,0.0005181729793548584,75922.125,0.9997901916503906,0.9974579215049744,0.00020985500304959714,0.12186084687709808
video 1_ezgif-frame-061,video 1,ezgif-frame-061,0.97676020860672,0.9882435202598572,0.9928228855133057,0.9837061762809753,0.9890784621238708,0.4666324555873871,0.46234753727912903,0.004284918308258057,77683.125,0.9998093247413635,0.9974132776260376,0.00019072549184784293,0.12145715206861496
video 1_ezgif-frame-062,video 1,ezgif-frame-062,0.976386308670044,0.9880520701408386,0.992822527885437,0.9833272695541382,0.9888990521430969,0.4667869210243225,0.4623226225376129,0.004464298486709595,77672.890625,0.9998093247413635,0.997404158115387,0.000190649603609927,0.12146628648042679
video 1_ezgif-frame-063,video 1,ezgif-frame-063,0.9799627661705017,0.9898800253868103,0.9885016083717346,0.9912621974945068,0.9904536008834839,0.47100207209587097,0.4723174571990967,0.001315385103225708,79506.7578125,0.9998058080673218,0.99764084815979,0.00019419488671701401,0.1189337745308876
video 1_ezgif-frame-064,video 1,ezgif-frame-064,0.9776891469955444,0.9887187480926514,0.9906535148620605,0.9867914915084839,0.9893226027488708,0.47416093945503235,0.47231245040893555,0.0018484890460968018,79485.65625,0.999805212020874,0.9976309537887573,0.00019471497216727585,0.11905317008495331
video 1_ezgif-frame-065,video 1,ezgif-frame-065,0.9694406390190125,0.9844832420349121,0.9860413670539856,0.9829300045967102,0.9850775003433228,0.4816097319126129,0.48009008169174194,0.0015196502208709717,78972.8828125,0.9998014569282532,0.9976933598518372,0.00019864167552441359,0.11880453675985336
video 1_ezgif-frame-066,video 1,ezgif-frame-066,0.9767026305198669,0.9882140159606934,0.9880332946777344,0.9883947968482971,0.9884406924247742,0.4902941584587097,0.49047353863716125,0.00017938017845153809,81144.3203125,0.9998019337654114,0.9978139996528625,0.00019791608792729676,0.11662137508392334
video 1_ezgif-frame-067,video 1,ezgif-frame-067,0.9735299944877625,0.9865874648094177,0.9905818700790405,0.9826251864433289,0.9867914915084839,0.49437978863716125,0.4904087483882904,0.00397104024887085,81131.7734375,0.9998024106025696,0.9978042244911194,0.00019754600361920893,0.11659786850214005
video 1_ezgif-frame-068,video 1,ezgif-frame-068,0.9749257564544678,0.9873036742210388,0.9931060075759888,0.9815687537193298,0.9872996807098389,0.5030791759490967,0.4972347319126129,0.005844444036483765,82726.4765625,0.9998190402984619,0.9978378415107727,0.00018094108963850886,0.11462646722793579
video 1_ezgif-frame-069,video 1,ezgif-frame-069,0.9751642346382141,0.9874259829521179,0.989861786365509,0.9850021004676819,0.9874740839004517,0.4993124306201935,0.4968610405921936,0.002451390027999878,82692.40625,0.9998178482055664,0.9979072213172913,0.00018218891636934131,0.11462496966123581
video 1_ezgif-frame-070,video 1,ezgif-frame-070,0.9725349545478821,0.986076295375824,0.9839860200881958,0.9881754517555237,0.9859245419502258,0.504374623298645,0.5065220594406128,0.0021474361419677734,81795.8671875,0.9998230934143066,0.9979915022850037,0.00017687393119558692,0.11400985717773438
video 1_ezgif-frame-071,video 1,ezgif-frame-071,0.9800605773925781,0.9899299144744873,0.9906281232833862,0.9892326593399048,0.9896065592765808,0.5164172053337097,0.5156897902488708,0.0007274150848388672,85402.296875,0.9998201727867126,0.9979740977287292,0.00017976357776205987,0.11351251602172852
video 1_ezgif-frame-072,video 1,ezgif-frame-072,0.9756178855895996,0.9876585006713867,0.9885029792785645,0.9868154525756836,0.9872598648071289,0.5165916085243225,0.5157096982002258,0.0008819103240966797,85412.9765625,0.9998208284378052,0.9979678988456726,0.00017921040125656873,0.1137959361076355
video 1_ezgif-frame-073,video 1,ezgif-frame-073,0.9735904335975647,0.9866185188293457,0.9861673712730408,0.9870700836181641,0.9860092401504517,0.5225257277488708,0.5230040550231934,0.00047832727432250977,86981.234375,0.9998219013214111,0.9980922341346741,0.00017817498883232474,0.11125761270523071
video 1_ezgif-frame-074,video 1,ezgif-frame-074,0.9761853218078613,0.9879491925239563,0.990062415599823,0.9858449101448059,0.9873694777488708,0.5251713991165161,0.5229342579841614,0.0022371411323547363,86980.109375,0.9998219609260559,0.9980784058570862,0.00017805305833462626,0.11145126074552536
video 1_ezgif-frame-075,video 1,ezgif-frame-075,0.9770838022232056,0.9884091019630432,0.9888318777084351,0.98798668384552,0.9877082705497742,0.5304577946662903,0.5300043821334839,0.0004534125328063965,91052.4375,0.9998258948326111,0.9979638457298279,0.00017402363300789148,0.10976294428110123
video 1_ezgif-frame-076,video 1,ezgif-frame-076,0.9784915447235107,0.9891288876533508,0.9898051023483276,0.9884535074234009,0.9883460402488708,0.5363719463348389,0.5356395244598389,0.000732421875,85859.6953125,0.9998319149017334,0.9980568885803223,0.0001680339773884043,0.10856609046459198
video 1_ezgif-frame-077,video 1,ezgif-frame-077,0.9772928953170776,0.988516092300415,0.9932376742362976,0.9838391542434692,0.987638533115387,0.5407664775848389,0.5356495380401611,0.005116939544677734,85830.546875,0.9998319745063782,0.9980589747428894,0.00016797968419268727,0.10853464156389236
video 1_ezgif-frame-078,video 1,ezgif-frame-078,0.975252091884613,0.9874709844589233,0.9944654107093811,0.9805742502212524,0.9862782955169678,0.5514488816261292,0.5437459945678711,0.007702887058258057,89820.734375,0.999839723110199,0.9980900287628174,0.00016021069313865155,0.10581502318382263
video 1_ezgif-frame-079,video 1,ezgif-frame-079,0.9805352687835693,0.9901719689369202,0.9943849444389343,0.9859945774078369,0.9892628192901611,0.5485690236091614,0.5439403057098389,0.00462871789932251,89349.390625,0.99983149766922,0.9981281161308289,0.00016856292495504022,0.10557635873556137
video 1_ezgif-frame-080,video 1,ezgif-frame-080,0.9728122353553772,0.9862188100814819,0.9875028133392334,0.9849380850791931,0.9847387075424194,0.5544184446334839,0.552978515625,0.0014399290084838867,89075.859375,0.9998335242271423,0.9980192184448242,0.0001664798619458452,0.10391364246606827
video 1_ezgif-frame-081,video 1,ezgif-frame-081,0.9744606614112854,0.9870651364326477,0.9838879108428955,0.9902629852294922,0.9854312539100647,0.5613390803337097,0.5649762749671936,0.0036371946334838867,92127.9140625,0.9998469352722168,0.9981029033660889,0.00015324688865803182,0.10320185124874115
video 1_ezgif-frame-082,video 1,ezgif-frame-082,0.9742589592933655,0.9869616627693176,0.986587405204773,0.9873361587524414,0.9852718710899353,0.5645876526832581,0.5650161504745483,0.0004284977912902832,92022.4453125,0.9998465180397034,0.9981058239936829,0.00015348366287071258,0.1032714992761612
video 1_ezgif-frame-083,video 1,ezgif-frame-083,0.9706954956054688,0.9851298928260803,0.9802056550979614,0.9901037812232971,0.9830247759819031,0.5679159164428711,0.5736507773399353,0.005734860897064209,90128.6171875,0.9998458027839661,0.9981998801231384,0.00015413427900057286,0.10406801104545593
video 1_ezgif-frame-084,video 1,ezgif-frame-084,0.9724348783493042,0.986024796962738,0.9840723872184753,0.9879850149154663,0.9839963316917419,0.5714385509490967,0.573710560798645,0.00227200984954834,90124.3359375,0.9998460412025452,0.9981964826583862,0.00015398822142742574,0.10408300161361694
video 1_ezgif-frame-085,video 1,ezgif-frame-085,0.9734761118888855,0.9865598082542419,0.9879671931266785,0.9851564764976501,0.9844397902488708,0.5796944499015808,0.5780453085899353,0.0016491413116455078,95526.328125,0.9997924566268921,0.9981364607810974,0.0002075994125334546,0.10179564356803894
video 1_ezgif-frame-086,video 1,ezgif-frame-086,0.9715080261230469,0.9855481386184692,0.9852709174156189,0.9858255386352539,0.9831094741821289,0.584208607673645,0.5845374464988708,0.0003288388252258301,97268.6484375,0.9998019933700562,0.9981963634490967,0.00019794178660959005,0.09982775896787643
video 1_ezgif-frame-087,video 1,ezgif-frame-087,0.973208487033844,0.9864223599433899,0.9843329191207886,0.9885206818580627,0.9841607809066772,0.5820462107658386,0.5845224857330322,0.0024762749671936035,97249.7578125,0.9998022317886353,0.9981963038444519,0.00019792094826698303,0.099831223487854
video 1_ezgif-frame-088,video 1,ezgif-frame-088,0.9735560417175293,0.9866008758544922,0.9904443621635437,0.9827870726585388,0.9841209053993225,0.5948411822319031,0.590242326259613,0.004598855972290039,97951.140625,0.999805212020874,0.9981629252433777,0.00019476046145427972,0.1004447415471077
video 1_ezgif-frame-089,video 1,ezgif-frame-089,0.9717087149620056,0.9856513738632202,0.9854598641395569,0.9858430027961731,0.9830795526504517,0.5895049571990967,0.5897341370582581,0.00022917985916137695,98175.8671875,0.9998096823692322,0.9981449842453003,0.00019026407971978188,0.10133419185876846
video 1_ezgif-frame-090,video 1,ezgif-frame-090,0.976952850818634,0.9883420467376709,0.9920703172683716,0.9846417307853699,0.9860740303993225,0.599519670009613,0.5950304865837097,0.00448918342590332,98848.921875,0.9997975826263428,0.9982107877731323,0.00020240216690581292,0.09940637648105621
video 1_ezgif-frame-091,video 1,ezgif-frame-091,0.9751058220863342,0.9873960614204407,0.9912522435188293,0.9835697412490845,0.9847935438156128,0.6055883169174194,0.6008948683738708,0.004693448543548584,98174.0703125,0.9998216032981873,0.9982286691665649,0.0001783848856575787,0.09849695861339569
video 1_ezgif-frame-092,video 1,ezgif-frame-092,0.9778056740760803,0.988778293132782,0.9947347044944763,0.9828928112983704,0.9864327311515808,0.6081293821334839,0.6008898615837097,0.00723952054977417,98134.03125,0.9998224973678589,0.9982262849807739,0.00017762326751835644,0.09824611246585846
video 1_ezgif-frame-093,video 1,ezgif-frame-093,0.974685788154602,0.9871806502342224,0.990066647529602,0.9843114018440247,0.984355092048645,0.6119858026504517,0.6084283590316772,0.003557443618774414,103575.0390625,0.999812126159668,0.9983386397361755,0.00018798050587065518,0.0964418351650238
video 1_ezgif-frame-094,video 1,ezgif-frame-094,0.9726887941360474,0.9861553311347961,0.9878553152084351,0.9844611883163452,0.9831243753433228,0.6105110049247742,0.6084133982658386,0.002097606658935547,103618.7890625,0.9998117089271545,0.9983363747596741,0.00018826971063390374,0.09647544473409653
video 1_ezgif-frame-095,video 1,ezgif-frame-095,0.96919846534729,0.9843583703041077,0.9830881357192993,0.9856318235397339,0.9806979298591614,0.6162109375,0.6178053021430969,0.0015943646430969238,105051.9296875,0.9998165369033813,0.9984219670295715,0.0001834758004406467,0.09393786638975143
video 1_ezgif-frame-096,video 1,ezgif-frame-096,0.9752139449119568,0.9874514937400818,0.993698000907898,0.9812830090522766,0.9841856956481934,0.6340880393981934,0.6261658668518066,0.007922172546386719,106265.0625,0.9998218417167664,0.9983927011489868,0.00017813744489103556,0.0949331745505333
video 1_ezgif-frame-097,video 1,ezgif-frame-097,0.9760587215423584,0.9878843426704407,0.9911271333694458,0.9846627116203308,0.9847785830497742,0.6302266120910645,0.6261160969734192,0.004110515117645264,106239.9453125,0.9998219609260559,0.9983812570571899,0.00017803873925004154,0.09498508274555206
video 1_ezgif-frame-098,video 1,ezgif-frame-098,0.9742063283920288,0.9869346618652344,0.9861398339271545,0.9877308011054993,0.9834432601928711,0.6331014633178711,0.634122908115387,0.0010214447975158691,106036.171875,0.9998133182525635,0.9984229207038879,0.0001867220998974517,0.09400582313537598
video 1_ezgif-frame-099,video 1,ezgif-frame-099,0.9747735261917114,0.9872256517410278,0.9884941577911377,0.9859603047370911,0.9837821125984192,0.6355977058410645,0.6339684128761292,0.0016292929649353027,106358.7578125,0.9998169541358948,0.9983911514282227,0.00018309822189621627,0.09410357475280762
video 1_ezgif-frame-100,video 1,ezgif-frame-100,0.9755361080169678,0.9876165986061096,0.9868546724319458,0.9883796572685242,0.9840162396430969,0.6448700428009033,0.6458665728569031,0.0009965300559997559,109932.4375,0.9998204112052917,0.998407781124115,0.00017970908083952963,0.09296192973852158
video 1_ezgif-frame-101,video 1,ezgif-frame-101,0.9650813341140747,0.9822304248809814,0.9783612489700317,0.9861302971839905,0.9768514633178711,0.6487762928009033,0.6539281606674194,0.005151867866516113,108945.09375,0.9998189806938171,0.9984174370765686,0.00018108116637449712,0.09049073606729507
video 1_ezgif-frame-102,video 1,ezgif-frame-102,0.9682531356811523,0.9838705658912659,0.9817454814910889,0.9860048294067383,0.9789490699768066,0.6511479616165161,0.6539730429649353,0.0028250813484191895,108986.0234375,0.9998198747634888,0.998407244682312,0.0001801934267859906,0.0903475433588028
video 1_ezgif-frame-103,video 1,ezgif-frame-103,0.9608803391456604,0.9800499677658081,0.9737631678581238,0.9864184260368347,0.9733338356018066,0.6640076637268066,0.6726373434066772,0.008629679679870605,112994.7265625,0.9998340010643005,0.9983647465705872,0.00016605708515271544,0.09187423437833786
video 1_ezgif-frame-104,video 1,ezgif-frame-104,0.9586150050163269,0.9788702726364136,0.9695301651954651,0.9883921146392822,0.9718490839004517,0.6597277522087097,0.6725625991821289,0.01283484697341919,112990.9375,0.9998341798782349,0.9983607530593872,0.00016588022117502987,0.09184914082288742
video 1_ezgif-frame-105,video 1,ezgif-frame-105,0.9644602537155151,0.9819086790084839,0.9776128530502319,0.9862423539161682,0.9758350849151611,0.6649244427680969,0.6707938313484192,0.005869388580322266,111652.640625,0.999819815158844,0.9984167814254761,0.00018013259978033602,0.08893734961748123
video 1_ezgif-frame-106,video 1,ezgif-frame-106,0.9620755910873413,0.9806712865829468,0.9768228530883789,0.9845501184463501,0.973966658115387,0.6707838177680969,0.6760901808738708,0.005306363105773926,114389.796875,0.9998248815536499,0.9984122514724731,0.00017512300109956414,0.09013772755861282
video 1_ezgif-frame-107,video 1,ezgif-frame-107,0.9647032618522644,0.9820345640182495,0.9796825051307678,0.9843978881835938,0.9757652878761292,0.6728615164756775,0.6761001348495483,0.0032386183738708496,114405.703125,0.9998248815536499,0.9984108209609985,0.00017506018048152328,0.09013945609331131
video 1_ezgif-frame-108,video 1,ezgif-frame-108,0.9676892161369324,0.9835793375968933,0.9808265566825867,0.9863476157188416,0.9777283668518066,0.6762545704841614,0.6800611615180969,0.003806591033935547,114314.015625,0.9998281598091125,0.99848473072052,0.00017185445176437497,0.08925969153642654
video 1_ezgif-frame-109,video 1,ezgif-frame-109,0.9733107089996338,0.986474871635437,0.9877721667289734,0.9851809740066528,0.9815798401832581,0.6818548440933228,0.6800661683082581,0.0017886757850646973,114372.015625,0.9998283982276917,0.9984843730926514,0.00017157972615677863,0.08926631510257721
video 1_ezgif-frame-110,video 1,ezgif-frame-110,0.9751548171043396,0.9874211549758911,0.9899952411651611,0.984860360622406,0.9827656745910645,0.6868323683738708,0.6832699179649353,0.003562450408935547,114389.8828125,0.999851405620575,0.9984748959541321,0.00014867181016597897,0.09057988971471786
video 1_ezgif-frame-111,video 1,ezgif-frame-111,0.9693995714187622,0.9844620227813721,0.9883789420127869,0.9805760979652405,0.9785305857658386,0.6936085224151611,0.6881327629089355,0.005475759506225586,113652.140625,0.9998279213905334,0.9985013008117676,0.00017209468933288008,0.08735272288322449
video 1_ezgif-frame-112,video 1,ezgif-frame-112,0.9672396183013916,0.9833470582962036,0.9881197214126587,0.9786202311515808,0.9769810438156128,0.6944754719734192,0.6877989768981934,0.00667649507522583,113295.0390625,0.9998295903205872,0.9985048174858093,0.00017048204608727247,0.08716032654047012
video 1_ezgif-frame-113,video 1,ezgif-frame-113,0.9737999439239502,0.9867260456085205,0.9919447898864746,0.9815619587898254,0.9814453125,0.7025918960571289,0.6952377557754517,0.007354140281677246,116600.84375,0.9998283982276917,0.9985833764076233,0.00017156024114228785,0.08562830090522766
video 1_ezgif-frame-114,video 1,ezgif-frame-114,0.9687926173210144,0.9841489791870117,0.9871217608451843,0.981194019317627,0.9778928160667419,0.699442982673645,0.6952427625656128,0.0042002201080322266,116621.375,0.9998282194137573,0.9985828995704651,0.00017174506501760334,0.08579280227422714
video 21_ezgif-frame-001,video 21,ezgif-frame-001,0.9124025106430054,0.9541950821876526,0.9560267925262451,0.9523703455924988,0.9897560477256775,0.11203563213348389,0.1116071417927742,0.0004284903407096863,18099.208984375,0.9986710548400879,0.990545392036438,0.0013290076749399304,0.34216466546058655
video 21_ezgif-frame-002,video 21,ezgif-frame-002,0.9126361608505249,0.9543228149414062,0.9595329165458679,0.9491689801216125,0.9897311329841614,0.11301717907190323,0.11179647594690323,0.001220703125,18308.541015625,0.9986613988876343,0.9906405806541443,0.0013386665377765894,0.3441936671733856
video 21_ezgif-frame-003,video 21,ezgif-frame-003,0.8940560817718506,0.9440650939941406,0.9621010422706604,0.9266928434371948,0.9871851205825806,0.11669921875,0.11240433901548386,0.004294879734516144,18107.1171875,0.9987143278121948,0.9908773303031921,0.001285609439946711,0.3392876386642456
video 21_ezgif-frame-004,video 21,ezgif-frame-004,0.8522665500640869,0.9202417731285095,0.9584742784500122,0.8849424123764038,0.9796864986419678,0.13242386281490326,0.12226463109254837,0.010159231722354889,19720.97265625,0.9987972974777222,0.9916114807128906,0.0012028232449665666,0.3078193664550781
video 21_ezgif-frame-005,video 21,ezgif-frame-005,0.8496307134628296,0.9187030792236328,0.9779190421104431,0.8662490248680115,0.9770756959915161,0.1495286524295807,0.1324537694454193,0.017074882984161377,21297.83203125,0.9989052414894104,0.9921584725379944,0.0010948138078674674,0.2853291630744934
video 21_ezgif-frame-006,video 21,ezgif-frame-006,0.8770702481269836,0.9345097541809082,0.9701220393180847,0.9014195203781128,0.9799555540084839,0.15865154564380646,0.1474160999059677,0.011235445737838745,24556.51953125,0.9990126490592957,0.9928910136222839,0.0009873475646600127,0.26042911410331726
video 21_ezgif-frame-007,video 21,ezgif-frame-007,0.9291316866874695,0.9632641077041626,0.9647297263145447,0.9618029594421387,0.9873495101928711,0.17244300246238708,0.1719198375940323,0.0005231648683547974,28713.48046875,0.9991370439529419,0.9937797784805298,0.0008630850934423506,0.22461368143558502
video 21_ezgif-frame-008,video 21,ezgif-frame-008,0.923759937286377,0.9603692293167114,0.9629498720169067,0.9578023552894592,0.9854113459587097,0.18455038964748383,0.18356385827064514,0.000986531376838684,30337.75390625,0.9991984963417053,0.9942242503166199,0.0008015186758711934,0.2154480665922165
video 21_ezgif-frame-009,video 21,ezgif-frame-009,0.9240081310272217,0.960503339767456,0.9778496623039246,0.9437617659568787,0.9847686290740967,0.19623923301696777,0.18939831852912903,0.006840914487838745,31771.138671875,0.9992193579673767,0.9943922162055969,0.0007806665380485356,0.21049487590789795
video 21_ezgif-frame-010,video 21,ezgif-frame-010,0.930921733379364,0.9642252326011658,0.9830853939056396,0.9460751414299011,0.9853665232658386,0.20844626426696777,0.20059889554977417,0.007847368717193604,33962.421875,0.9992554783821106,0.9943051934242249,0.0007445559604093432,0.20438843965530396
video 21_ezgif-frame-011,video 21,ezgif-frame-011,0.9483820796012878,0.973507285118103,0.9841726422309875,0.9630706310272217,0.98876953125,0.2142508327960968,0.20965701341629028,0.0045938193798065186,35229.90625,0.9992867112159729,0.9948304891586304,0.0007133068284019828,0.19753111898899078
video 21_ezgif-frame-012,video 21,ezgif-frame-012,0.9397000074386597,0.9689127206802368,0.9834114909172058,0.9548352956771851,0.9862583875656128,0.22427554428577423,0.21775849163532257,0.00651705265045166,36164.28125,0.9993048310279846,0.9949800372123718,0.0006951236282475293,0.1901688575744629
video 21_ezgif-frame-013,video 21,ezgif-frame-013,0.9506751894950867,0.9747139811515808,0.9828986525535583,0.9666644930839539,0.9884257316589355,0.23077267408370972,0.22696109116077423,0.003811582922935486,36725.796875,0.9993454217910767,0.9951739311218262,0.0006546580698341131,0.18183445930480957
video 21_ezgif-frame-014,video 21,ezgif-frame-014,0.9366545677185059,0.9672912955284119,0.9603900909423828,0.9742924571037292,0.9838070273399353,0.24575494229793549,0.2493124157190323,0.0035574734210968018,41631.421875,0.999417781829834,0.9954966306686401,0.000582158740144223,0.1659076064825058
video 21_ezgif-frame-015,video 21,ezgif-frame-015,0.9269914627075195,0.9621126651763916,0.9413790106773376,0.9837802648544312,0.9803641438484192,0.2534279227256775,0.2648427486419678,0.011414825916290283,44866.85546875,0.9994453191757202,0.9957846403121948,0.0005546411266550422,0.15768158435821533
video 21_ezgif-frame-016,video 21,ezgif-frame-016,0.9438976049423218,0.9711391925811768,0.9713453054428101,0.9709332585334778,0.9844098687171936,0.2701490819454193,0.2700344920158386,0.00011458992958068848,45725.796875,0.9994655847549438,0.9959898591041565,0.0005344607634469867,0.15592128038406372
video 21_ezgif-frame-017,video 21,ezgif-frame-017,0.9422788023948669,0.970281720161438,0.9632395505905151,0.9774276614189148,0.9831492900848389,0.2814343571662903,0.28557977080345154,0.004145413637161255,48246.1875,0.9994924068450928,0.9960387945175171,0.0005076848901808262,0.15031103789806366
video 21_ezgif-frame-018,video 21,ezgif-frame-018,0.9501906037330627,0.9744592308998108,0.968142569065094,0.9808588624000549,0.9851572513580322,0.28867387771606445,0.2924655079841614,0.003791630268096924,49708.97265625,0.9994864463806152,0.9960506558418274,0.0005135874380357563,0.14725060760974884
video 21_ezgif-frame-019,video 21,ezgif-frame-019,0.9475840926170349,0.9730867147445679,0.9636401534080505,0.9827202558517456,0.9835578799247742,0.30247029662132263,0.30845922231674194,0.0059889256954193115,52484.7734375,0.9994940757751465,0.9962518811225891,0.0005059476243332028,0.1438097208738327
video 21_ezgif-frame-020,video 21,ezgif-frame-020,0.9302311539649963,0.9638546705245972,0.9487447738647461,0.9794536232948303,0.9773048758506775,0.3089425265789032,0.3189423084259033,0.009999781847000122,52787.31640625,0.9995289444923401,0.9964326024055481,0.000471125211333856,0.1400369554758072
video 21_ezgif-frame-021,video 21,ezgif-frame-021,0.9348012208938599,0.9663020968437195,0.9715933203697205,0.9610680937767029,0.9779874682426453,0.3283940553665161,0.3248365819454193,0.0035574734210968018,54481.61328125,0.9995219707489014,0.9963286519050598,0.00047800925676710904,0.1397436112165451
video 21_ezgif-frame-022,video 21,ezgif-frame-022,0.939030110836029,0.9685565233230591,0.9618749618530273,0.9753315448760986,0.979228138923645,0.3280104100704193,0.3325992524623871,0.0045888423919677734,54977.421875,0.9995443224906921,0.9963787198066711,0.0004555942432489246,0.1402653306722641
video 21_ezgif-frame-023,video 21,ezgif-frame-023,0.9375652074813843,0.9677766561508179,0.9655401110649109,0.9700236320495605,0.9782366156578064,0.3369140625,0.33847856521606445,0.0015645027160644531,55490.71875,0.9995467066764832,0.9965139031410217,0.00045319198397919536,0.13748911023139954
video 21_ezgif-frame-024,video 21,ezgif-frame-024,0.9347317814826965,0.9662649631500244,0.9596511125564575,0.9729706645011902,0.9763432741165161,0.34820929169654846,0.3530423045158386,0.004833012819290161,57957.9375,0.9995890259742737,0.9966046214103699,0.00041102536488324404,0.13609950244426727
video 21_ezgif-frame-025,video 21,ezgif-frame-025,0.9394785761833191,0.9687950015068054,0.9623370170593262,0.9753402471542358,0.9777582883834839,0.3539889454841614,0.3587721288204193,0.004783183336257935,60185.52734375,0.999596118927002,0.9967168569564819,0.0004038945189677179,0.13035742938518524
video 21_ezgif-frame-026,video 21,ezgif-frame-026,0.943768322467804,0.9710707664489746,0.9660536050796509,0.9761403799057007,0.9790736436843872,0.3598034977912903,0.3635602593421936,0.0037567615509033203,62231.10546875,0.9996476173400879,0.9968231320381165,0.00035247369669377804,0.13077816367149353
video 21_ezgif-frame-027,video 21,ezgif-frame-027,0.9415108561515808,0.969874382019043,0.9669977426528931,0.972768247127533,0.9776985049247742,0.36904096603393555,0.3712432384490967,0.002202272415161133,63388.515625,0.9996469616889954,0.9969537854194641,0.00035301901516504586,0.12750272452831268
video 21_ezgif-frame-028,video 21,ezgif-frame-028,0.9308775663375854,0.9642015695571899,0.9633137583732605,0.9650909900665283,0.9729053974151611,0.3780841529369354,0.37878167629241943,0.0006975233554840088,65186.5859375,0.9996412992477417,0.9969205260276794,0.00035875142202712595,0.126560777425766
video 21_ezgif-frame-029,video 21,ezgif-frame-029,0.9552171230316162,0.9770956635475159,0.9786557555198669,0.9755405783653259,0.9823172688484192,0.3866290748119354,0.38539838790893555,0.001230686902999878,65542.5703125,0.9996381998062134,0.9968461990356445,0.00036178252776153386,0.1220896765589714
video 21_ezgif-frame-030,video 21,ezgif-frame-030,0.9572133421897888,0.9781389832496643,0.9776734113693237,0.9786050319671631,0.9828453660011292,0.3921695649623871,0.3925432562828064,0.0003736913204193115,66247.7265625,0.9996419548988342,0.9969406723976135,0.00035811171983368695,0.12117594480514526
video 21_ezgif-frame-031,video 21,ezgif-frame-031,0.9632520079612732,0.981282114982605,0.9769673943519592,0.9856351017951965,0.985197126865387,0.39367425441741943,0.3971669673919678,0.00349271297454834,68358.5,0.9996330142021179,0.9970029592514038,0.0003670566657092422,0.11924762278795242
video 21_ezgif-frame-032,video 21,ezgif-frame-032,0.959817111492157,0.9794965982437134,0.9753481149673462,0.9836805462837219,0.9834034442901611,0.4030064046382904,0.4064492881298065,0.0034428834915161133,69816.671875,0.9996479749679565,0.997044026851654,0.0003520446771290153,0.11735504865646362
video 21_ezgif-frame-033,video 21,ezgif-frame-033,0.9606730341911316,0.9799420833587646,0.9842520356178284,0.9756697416305542,0.9835678339004517,0.4114118218421936,0.40782445669174194,0.00358736515045166,69208.6328125,0.9996359348297119,0.9969855546951294,0.0003639346978161484,0.11742647737264633
video 21_ezgif-frame-034,video 21,ezgif-frame-034,0.9599371552467346,0.9795591235160828,0.9744665026664734,0.9847052097320557,0.9828503727912903,0.41730108857154846,0.42168566584587097,0.00438457727432251,71185.28125,0.999660849571228,0.9972096085548401,0.0003390881756786257,0.11655376106500626
video 21_ezgif-frame-035,video 21,ezgif-frame-035,0.9651973247528076,0.982290506362915,0.9786014556884766,0.9860074520111084,0.9849728941917419,0.4226672053337097,0.42586594820022583,0.0031987428665161133,73800.75,0.9996587038040161,0.9971835017204285,0.0003412688965909183,0.11642538011074066
video 21_ezgif-frame-036,video 21,ezgif-frame-036,0.9696400165557861,0.9845860004425049,0.9789981245994568,0.9902381300926208,0.9868811964988708,0.4231206178665161,0.427978515625,0.004857897758483887,73307.1328125,0.9996664524078369,0.9972367882728577,0.0003336869995109737,0.1162203848361969
video 21_ezgif-frame-037,video 21,ezgif-frame-037,0.9668363928794861,0.9831386208534241,0.9765915870666504,0.9897739887237549,0.9855259656906128,0.4263293147087097,0.4320840537548065,0.005754739046096802,72364.34375,0.9996694326400757,0.9972888827323914,0.000330616399878636,0.11479820311069489
video 21_ezgif-frame-038,video 21,ezgif-frame-038,0.9658393263816833,0.9826228618621826,0.973189115524292,0.9922413229942322,0.9849678874015808,0.42833226919174194,0.4367177486419678,0.00838547945022583,73770.328125,0.9996843934059143,0.9973044395446777,0.0003154606674797833,0.11678318679332733
video 21_ezgif-frame-039,video 21,ezgif-frame-039,0.9683613181114197,0.9839263558387756,0.9786642789840698,0.9892453551292419,0.9858946800231934,0.43641382455825806,0.44113221764564514,0.004718393087387085,75391.7734375,0.9996656775474548,0.9972856640815735,0.00033431165502406657,0.11760389804840088
video 21_ezgif-frame-040,video 21,ezgif-frame-040,0.9499446749687195,0.9743298888206482,0.9767279624938965,0.9719435572624207,0.9772351384162903,0.4445003569126129,0.4423230290412903,0.002177327871322632,73494.703125,0.9996892809867859,0.9973042011260986,0.0003107303928118199,0.11885101348161697
